-- --------------------------------------------------------
-- Host:                         127.0.0.1
-- Server version:               10.4.7-MariaDB - mariadb.org binary distribution
-- Server OS:                    Win64
-- HeidiSQL Version:             10.2.0.5599
-- --------------------------------------------------------

/*!40101 SET @OLD_CHARACTER_SET_CLIENT=@@CHARACTER_SET_CLIENT */;
/*!40101 SET NAMES utf8 */;
/*!50503 SET NAMES utf8mb4 */;
/*!40014 SET @OLD_FOREIGN_KEY_CHECKS=@@FOREIGN_KEY_CHECKS, FOREIGN_KEY_CHECKS=0 */;
/*!40101 SET @OLD_SQL_MODE=@@SQL_MODE, SQL_MODE='NO_AUTO_VALUE_ON_ZERO' */;

-- Dumping data for table bengkel.carlist: ~30 rows (approximately)
/*!40000 ALTER TABLE `carlist` DISABLE KEYS */;
REPLACE INTO `carlist` (`carID`, `masterID`, `brand`, `carModel`, `specification`, `price`, `quantity`) VALUES
	('CA000001', '1', 'toyota', 'innova', '8-seater mpv', 312050000, 20),
	('CA000002', '2', 'toyota', 'avanza', '8-seater low-mpv', 191100000, 50),
	('CA000003', '3', 'toyota', 'fortuner', '5-seater suv', 476050000, 10),
	('CA000004', '4', 'honda', 'jazz', '5-seater hatchback', 244800000, 20),
	('CA000005', '5', 'honda', 'brio', '5-seater lcgc', 147000000, 30),
	('CA000006', '6', 'honda', 'mobillio', '7-seater low-mpv', 203000000, 25),
	('CA000007', '7', 'mitsubishi', 'xpander', '7-seater low-mpv', 210300000, 30),
	('CA000008', '8', 'mitsubishi', 'pajero sport', '5-seater suv', 481500000, 10),
	('CA000009', '9', 'mitsubishi', 'outlander sport', '5-seater crossover', 338000000, 15),
	('CA000010', '10', 'daihatsu', 'ayla', '5-seater lcgc', 98150000, 60),
	('CA000011', '11', 'daihatsu', 'terios', '7-seater suv', 202300000, 30),
	('CA000012', '12', 'daihatsu', 'sigra', '7-seater lcgc', 114000000, 50),
	('CA000013', '13', 'nissan', 'livina', '7-seater low-mpv', 205300000, 50),
	('CA000014', '14', 'nissan', 'march', '5-seater hatchback', 185800000, 35),
	('CA000015', '15', 'nissan', 'xtrail', '5-seater suv', 542500000, 14),
	('CA000016', '16', 'kia', 'picanto', '5-seater lcgc', 152000000, 20),
	('CA000017', '17', 'kia', 'sportage', '5-seater suv', 386500000, 9),
	('CA000018', '18', 'kia', 'rio', '5-seater hatchback', 260000000, 23),
	('CA000019', '19', 'suzuki', 'ignis', '5-seater lcgc', 161000000, 50),
	('CA000020', '20', 'suzuki', 'baleno', '5-seater hatchback', 218000000, 30),
	('CA000021', '21', 'suzuki', 'ertiga', '7-seater low-mpv', 201000000, 45),
	('CA000022', '22', 'wuling', 'confero', '7-seater low-mpv', 150800000, 73),
	('CA000023', '23', 'wuling', 'cortez', '8-seater mpv', 208800000, 23),
	('CA000024', '24', 'wuling', 'almaz', '5-seater suv', 339800000, 18),
	('CA000025', '25', 'mazda', 'cx-5', '5-seater suv', 579800000, 18),
	('CA000026', '26', 'mazda', '2', '5-seater hatchback', 290600000, 12),
	('CA000027', '27', 'mazda', 'cx-3', '5-seater crossover', 389000000, 8),
	('CA000028', '28', 'ford', 'ecosport', '5-seater crossover', 203000000, 19),
	('CA000029', '29', 'ford', 'fiesta', '5-seater hatchback', 172000000, 12),
	('CA000030', '30', 'ford', 'everest', '5-seater suv', 562640000, 9);
/*!40000 ALTER TABLE `carlist` ENABLE KEYS */;

-- Dumping data for table bengkel.carorder: ~350 rows (approximately)
/*!40000 ALTER TABLE `carorder` DISABLE KEYS */;
REPLACE INTO `carorder` (`carOrderID`, `transactionID`, `carID`, `salesID`, `quantity`, `totalPrice`) VALUES
	('CO000001', 'T0000001', 'CA000012', 'S0000003', 1, 114000000),
	('CO000002', 'T0000002', 'CA000011', 'S0000005', 1, 202300000),
	('CO000003', 'T0000002', 'CA000019', 'S0000004', 1, 161000000),
	('CO000004', 'T0000003', 'CA000015', 'S0000001', 1, 542500000),
	('CO000005', 'T0000003', 'CA000002', 'S0000003', 1, 191100000),
	('CO000006', 'T0000004', 'CA000012', 'S0000001', 1, 114000000),
	('CO000007', 'T0000006', 'CA000028', 'S0000002', 1, 203000000),
	('CO000008', 'T0000007', 'CA000025', 'S0000003', 1, 579800000),
	('CO000009', 'T0000008', 'CA000023', 'S0000003', 1, 208800000),
	('CO000010', 'T0000010', 'CA000027', 'S0000004', 1, 389000000),
	('CO000011', 'T0000012', 'CA000018', 'S0000002', 1, 260000000),
	('CO000012', 'T0000012', 'CA000019', 'S0000005', 1, 161000000),
	('CO000013', 'T0000012', 'CA000018', 'S0000005', 1, 260000000),
	('CO000014', 'T0000014', 'CA000025', 'S0000004', 1, 579800000),
	('CO000015', 'T0000018', 'CA000003', 'S0000004', 1, 476050000),
	('CO000016', 'T0000020', 'CA000015', 'S0000002', 1, 542500000),
	('CO000017', 'T0000020', 'CA000024', 'S0000004', 1, 339800000),
	('CO000018', 'T0000021', 'CA000015', 'S0000003', 1, 542500000),
	('CO000019', 'T0000021', 'CA000028', 'S0000005', 1, 203000000),
	('CO000020', 'T0000023', 'CA000022', 'S0000005', 1, 150800000),
	('CO000021', 'T0000024', 'CA000017', 'S0000001', 1, 386500000),
	('CO000022', 'T0000026', 'CA000013', 'S0000004', 2, 410600000),
	('CO000023', 'T0000028', 'CA000011', 'S0000003', 1, 202300000),
	('CO000024', 'T0000029', 'CA000029', 'S0000002', 2, 344000000),
	('CO000025', 'T0000029', 'CA000021', 'S0000005', 1, 201000000),
	('CO000026', 'T0000030', 'CA000021', 'S0000002', 2, 402000000),
	('CO000027', 'T0000030', 'CA000004', 'S0000004', 1, 244800000),
	('CO000028', 'T0000032', 'CA000024', 'S0000005', 1, 339800000),
	('CO000029', 'T0000033', 'CA000007', 'S0000001', 1, 210300000),
	('CO000030', 'T0000033', 'CA000027', 'S0000002', 2, 778000000),
	('CO000031', 'T0000034', 'CA000010', 'S0000002', 1, 98150000),
	('CO000032', 'T0000037', 'CA000018', 'S0000004', 1, 260000000),
	('CO000033', 'T0000037', 'CA000013', 'S0000005', 1, 205300000),
	('CO000034', 'T0000039', 'CA000004', 'S0000001', 1, 244800000),
	('CO000035', 'T0000040', 'CA000019', 'S0000005', 1, 161000000),
	('CO000036', 'T0000041', 'CA000028', 'S0000002', 1, 203000000),
	('CO000037', 'T0000042', 'CA000007', 'S0000002', 1, 210300000),
	('CO000038', 'T0000043', 'CA000015', 'S0000003', 1, 542500000),
	('CO000039', 'T0000044', 'CA000010', 'S0000003', 1, 98150000),
	('CO000040', 'T0000044', 'CA000028', 'S0000003', 1, 203000000),
	('CO000041', 'T0000045', 'CA000001', 'S0000002', 1, 312050000),
	('CO000042', 'T0000046', 'CA000006', 'S0000003', 1, 203000000),
	('CO000043', 'T0000047', 'CA000005', 'S0000002', 1, 147000000),
	('CO000044', 'T0000048', 'CA000021', 'S0000001', 1, 201000000),
	('CO000045', 'T0000048', 'CA000005', 'S0000002', 1, 147000000),
	('CO000046', 'T0000051', 'CA000028', 'S0000002', 2, 406000000),
	('CO000047', 'T0000054', 'CA000028', 'S0000003', 1, 203000000),
	('CO000048', 'T0000054', 'CA000004', 'S0000004', 1, 244800000),
	('CO000049', 'T0000055', 'CA000030', 'S0000005', 1, 562640000),
	('CO000050', 'T0000055', 'CA000012', 'S0000004', 1, 114000000),
	('CO000051', 'T0000056', 'CA000017', 'S0000002', 1, 386500000),
	('CO000052', 'T0000059', 'CA000004', 'S0000004', 2, 489600000),
	('CO000053', 'T0000059', 'CA000012', 'S0000003', 1, 114000000),
	('CO000054', 'T0000060', 'CA000011', 'S0000005', 1, 202300000),
	('CO000055', 'T0000060', 'CA000018', 'S0000004', 1, 260000000),
	('CO000056', 'T0000060', 'CA000026', 'S0000002', 2, 581200000),
	('CO000057', 'T0000066', 'CA000021', 'S0000002', 1, 201000000),
	('CO000058', 'T0000066', 'CA000015', 'S0000001', 1, 542500000),
	('CO000059', 'T0000066', 'CA000022', 'S0000004', 1, 150800000),
	('CO000060', 'T0000067', 'CA000019', 'S0000005', 1, 161000000),
	('CO000061', 'T0000067', 'CA000025', 'S0000004', 1, 579800000),
	('CO000062', 'T0000069', 'CA000019', 'S0000004', 2, 322000000),
	('CO000063', 'T0000071', 'CA000009', 'S0000003', 1, 338000000),
	('CO000064', 'T0000075', 'CA000009', 'S0000004', 1, 338000000),
	('CO000065', 'T0000077', 'CA000014', 'S0000003', 1, 185800000),
	('CO000066', 'T0000079', 'CA000001', 'S0000003', 1, 312050000),
	('CO000067', 'T0000079', 'CA000005', 'S0000005', 1, 147000000),
	('CO000068', 'T0000081', 'CA000006', 'S0000002', 2, 406000000),
	('CO000069', 'T0000081', 'CA000030', 'S0000005', 1, 562640000),
	('CO000070', 'T0000081', 'CA000029', 'S0000004', 1, 172000000),
	('CO000071', 'T0000082', 'CA000029', 'S0000005', 3, 516000000),
	('CO000072', 'T0000083', 'CA000003', 'S0000001', 1, 476050000),
	('CO000073', 'T0000087', 'CA000004', 'S0000004', 1, 244800000),
	('CO000074', 'T0000087', 'CA000028', 'S0000005', 2, 406000000),
	('CO000075', 'T0000087', 'CA000009', 'S0000001', 1, 338000000),
	('CO000076', 'T0000090', 'CA000019', 'S0000001', 1, 161000000),
	('CO000077', 'T0000093', 'CA000009', 'S0000002', 1, 338000000),
	('CO000078', 'T0000094', 'CA000009', 'S0000005', 1, 338000000),
	('CO000079', 'T0000098', 'CA000013', 'S0000003', 1, 205300000),
	('CO000080', 'T0000099', 'CA000023', 'S0000004', 1, 208800000),
	('CO000081', 'T0000101', 'CA000011', 'S0000003', 1, 202300000),
	('CO000082', 'T0000103', 'CA000012', 'S0000001', 1, 114000000),
	('CO000083', 'T0000104', 'CA000017', 'S0000002', 2, 773000000),
	('CO000084', 'T0000105', 'CA000025', 'S0000003', 1, 579800000),
	('CO000085', 'T0000105', 'CA000019', 'S0000002', 1, 161000000),
	('CO000086', 'T0000106', 'CA000027', 'S0000001', 1, 389000000),
	('CO000087', 'T0000106', 'CA000020', 'S0000003', 1, 218000000),
	('CO000088', 'T0000111', 'CA000007', 'S0000002', 1, 210300000),
	('CO000089', 'T0000112', 'CA000003', 'S0000002', 1, 476050000),
	('CO000090', 'T0000112', 'CA000030', 'S0000003', 1, 562640000),
	('CO000091', 'T0000113', 'CA000023', 'S0000005', 1, 208800000),
	('CO000092', 'T0000114', 'CA000003', 'S0000001', 1, 476050000),
	('CO000093', 'T0000115', 'CA000004', 'S0000005', 1, 244800000),
	('CO000094', 'T0000116', 'CA000019', 'S0000002', 1, 161000000),
	('CO000095', 'T0000118', 'CA000016', 'S0000004', 2, 304000000),
	('CO000096', 'T0000118', 'CA000026', 'S0000003', 1, 290600000),
	('CO000097', 'T0000119', 'CA000029', 'S0000002', 1, 172000000),
	('CO000098', 'T0000121', 'CA000028', 'S0000003', 1, 203000000),
	('CO000099', 'T0000123', 'CA000030', 'S0000005', 1, 562640000),
	('CO000100', 'T0000124', 'CA000030', 'S0000002', 1, 562640000),
	('CO000101', 'T0000125', 'CA000029', 'S0000003', 1, 172000000),
	('CO000102', 'T0000126', 'CA000026', 'S0000005', 1, 290600000),
	('CO000103', 'T0000127', 'CA000002', 'S0000003', 1, 191100000),
	('CO000104', 'T0000129', 'CA000001', 'S0000004', 1, 312050000),
	('CO000105', 'T0000131', 'CA000030', 'S0000004', 1, 562640000),
	('CO000106', 'T0000132', 'CA000017', 'S0000003', 1, 386500000),
	('CO000107', 'T0000135', 'CA000020', 'S0000003', 1, 218000000),
	('CO000108', 'T0000136', 'CA000020', 'S0000004', 1, 218000000),
	('CO000109', 'T0000141', 'CA000028', 'S0000002', 1, 203000000),
	('CO000110', 'T0000142', 'CA000026', 'S0000004', 1, 290600000),
	('CO000111', 'T0000144', 'CA000006', 'S0000005', 1, 203000000),
	('CO000112', 'T0000146', 'CA000002', 'S0000002', 1, 191100000),
	('CO000113', 'T0000149', 'CA000027', 'S0000004', 1, 389000000),
	('CO000114', 'T0000150', 'CA000026', 'S0000001', 1, 290600000),
	('CO000115', 'T0000151', 'CA000013', 'S0000004', 1, 205300000),
	('CO000116', 'T0000154', 'CA000006', 'S0000004', 1, 203000000),
	('CO000117', 'T0000157', 'CA000002', 'S0000004', 1, 191100000),
	('CO000118', 'T0000160', 'CA000023', 'S0000002', 1, 208800000),
	('CO000119', 'T0000161', 'CA000007', 'S0000003', 1, 210300000),
	('CO000120', 'T0000162', 'CA000002', 'S0000001', 1, 191100000),
	('CO000121', 'T0000163', 'CA000014', 'S0000002', 1, 185800000),
	('CO000122', 'T0000164', 'CA000030', 'S0000003', 1, 562640000),
	('CO000123', 'T0000165', 'CA000004', 'S0000005', 1, 244800000),
	('CO000124', 'T0000166', 'CA000021', 'S0000001', 1, 201000000),
	('CO000125', 'T0000167', 'CA000017', 'S0000004', 1, 386500000),
	('CO000126', 'T0000168', 'CA000003', 'S0000004', 1, 476050000),
	('CO000127', 'T0000169', 'CA000008', 'S0000001', 1, 481500000),
	('CO000128', 'T0000170', 'CA000012', 'S0000003', 1, 114000000),
	('CO000129', 'T0000171', 'CA000018', 'S0000005', 1, 260000000),
	('CO000130', 'T0000173', 'CA000025', 'S0000005', 1, 579800000),
	('CO000131', 'T0000175', 'CA000013', 'S0000005', 1, 205300000),
	('CO000132', 'T0000176', 'CA000021', 'S0000003', 1, 201000000),
	('CO000133', 'T0000177', 'CA000019', 'S0000003', 1, 161000000),
	('CO000134', 'T0000179', 'CA000021', 'S0000004', 1, 201000000),
	('CO000135', 'T0000180', 'CA000003', 'S0000001', 2, 952100000),
	('CO000136', 'T0000181', 'CA000021', 'S0000004', 1, 201000000),
	('CO000137', 'T0000182', 'CA000003', 'S0000005', 1, 476050000),
	('CO000138', 'T0000183', 'CA000016', 'S0000004', 1, 152000000),
	('CO000139', 'T0000185', 'CA000014', 'S0000003', 1, 185800000),
	('CO000140', 'T0000191', 'CA000022', 'S0000004', 1, 150800000),
	('CO000141', 'T0000193', 'CA000016', 'S0000004', 1, 152000000),
	('CO000142', 'T0000195', 'CA000012', 'S0000003', 1, 114000000),
	('CO000143', 'T0000196', 'CA000003', 'S0000002', 1, 476050000),
	('CO000144', 'T0000197', 'CA000011', 'S0000003', 1, 202300000),
	('CO000145', 'T0000198', 'CA000004', 'S0000005', 1, 244800000),
	('CO000146', 'T0000199', 'CA000011', 'S0000001', 1, 202300000),
	('CO000147', 'T0000200', 'CA000002', 'S0000001', 1, 191100000),
	('CO000148', 'T0000202', 'CA000018', 'S0000001', 1, 260000000),
	('CO000149', 'T0000204', 'CA000021', 'S0000005', 1, 201000000),
	('CO000150', 'T0000205', 'CA000025', 'S0000005', 1, 579800000),
	('CO000151', 'T0000206', 'CA000027', 'S0000005', 1, 389000000),
	('CO000152', 'T0000207', 'CA000023', 'S0000002', 1, 208800000),
	('CO000153', 'T0000208', 'CA000029', 'S0000004', 1, 172000000),
	('CO000154', 'T0000209', 'CA000030', 'S0000003', 2, 1125280000),
	('CO000155', 'T0000210', 'CA000028', 'S0000001', 1, 203000000),
	('CO000156', 'T0000211', 'CA000011', 'S0000003', 1, 202300000),
	('CO000157', 'T0000214', 'CA000006', 'S0000002', 1, 203000000),
	('CO000158', 'T0000215', 'CA000014', 'S0000004', 1, 185800000),
	('CO000159', 'T0000217', 'CA000010', 'S0000003', 1, 98150000),
	('CO000160', 'T0000218', 'CA000016', 'S0000003', 1, 152000000),
	('CO000161', 'T0000219', 'CA000015', 'S0000001', 1, 542500000),
	('CO000162', 'T0000220', 'CA000020', 'S0000004', 1, 218000000),
	('CO000163', 'T0000221', 'CA000021', 'S0000003', 1, 201000000),
	('CO000164', 'T0000223', 'CA000004', 'S0000002', 1, 244800000),
	('CO000165', 'T0000224', 'CA000002', 'S0000001', 1, 191100000),
	('CO000166', 'T0000225', 'CA000005', 'S0000001', 2, 294000000),
	('CO000167', 'T0000226', 'CA000017', 'S0000001', 1, 386500000),
	('CO000168', 'T0000227', 'CA000002', 'S0000002', 1, 191100000),
	('CO000169', 'T0000228', 'CA000018', 'S0000004', 1, 260000000),
	('CO000170', 'T0000229', 'CA000001', 'S0000005', 1, 312050000),
	('CO000171', 'T0000230', 'CA000014', 'S0000001', 1, 185800000),
	('CO000172', 'T0000231', 'CA000003', 'S0000005', 2, 952100000),
	('CO000173', 'T0000232', 'CA000014', 'S0000004', 1, 185800000),
	('CO000174', 'T0000233', 'CA000026', 'S0000003', 1, 290600000),
	('CO000175', 'T0000234', 'CA000001', 'S0000004', 1, 312050000),
	('CO000176', 'T0000236', 'CA000024', 'S0000001', 1, 339800000),
	('CO000177', 'T0000237', 'CA000015', 'S0000003', 3, 1626000000),
	('CO000178', 'T0000239', 'CA000008', 'S0000002', 1, 481500000),
	('CO000179', 'T0000240', 'CA000001', 'S0000004', 1, 312050000),
	('CO000180', 'T0000241', 'CA000025', 'S0000001', 1, 579800000),
	('CO000181', 'T0000243', 'CA000002', 'S0000005', 1, 191100000),
	('CO000182', 'T0000245', 'CA000017', 'S0000003', 1, 386500000),
	('CO000183', 'T0000246', 'CA000014', 'S0000001', 1, 185800000),
	('CO000184', 'T0000247', 'CA000027', 'S0000002', 1, 389000000),
	('CO000185', 'T0000248', 'CA000007', 'S0000003', 1, 210300000),
	('CO000186', 'T0000249', 'CA000022', 'S0000005', 1, 150800000),
	('CO000187', 'T0000250', 'CA000027', 'S0000003', 1, 389000000),
	('CO000188', 'T0000252', 'CA000003', 'S0000003', 1, 476050000),
	('CO000189', 'T0000254', 'CA000006', 'S0000002', 1, 203000000),
	('CO000190', 'T0000257', 'CA000010', 'S0000005', 1, 98150000),
	('CO000191', 'T0000258', 'CA000020', 'S0000003', 1, 218000000),
	('CO000192', 'T0000259', 'CA000006', 'S0000004', 1, 203000000),
	('CO000193', 'T0000261', 'CA000015', 'S0000005', 1, 542500000),
	('CO000194', 'T0000262', 'CA000023', 'S0000003', 1, 208800000),
	('CO000195', 'T0000263', 'CA000003', 'S0000004', 2, 952100000),
	('CO000196', 'T0000265', 'CA000024', 'S0000002', 1, 339800000),
	('CO000197', 'T0000267', 'CA000018', 'S0000004', 1, 260000000),
	('CO000198', 'T0000268', 'CA000009', 'S0000004', 1, 338000000),
	('CO000199', 'T0000269', 'CA000025', 'S0000002', 1, 579800000),
	('CO000200', 'T0000270', 'CA000016', 'S0000005', 1, 152000000),
	('CO000201', 'T0000271', 'CA000012', 'S0000001', 1, 114000000),
	('CO000202', 'T0000272', 'CA000015', 'S0000001', 1, 542500000),
	('CO000203', 'T0000273', 'CA000001', 'S0000004', 1, 312050000),
	('CO000204', 'T0000274', 'CA000022', 'S0000004', 1, 150800000),
	('CO000205', 'T0000275', 'CA000018', 'S0000005', 1, 260000000),
	('CO000206', 'T0000277', 'CA000014', 'S0000002', 2, 371600000),
	('CO000207', 'T0000278', 'CA000003', 'S0000004', 1, 476050000),
	('CO000208', 'T0000279', 'CA000001', 'S0000004', 1, 312050000),
	('CO000209', 'T0000280', 'CA000026', 'S0000001', 1, 290600000),
	('CO000210', 'T0000281', 'CA000003', 'S0000002', 1, 476050000),
	('CO000211', 'T0000282', 'CA000025', 'S0000004', 1, 579800000),
	('CO000212', 'T0000284', 'CA000024', 'S0000002', 1, 339800000),
	('CO000213', 'T0000285', 'CA000021', 'S0000004', 1, 201000000),
	('CO000214', 'T0000286', 'CA000003', 'S0000004', 1, 476050000),
	('CO000215', 'T0000287', 'CA000028', 'S0000003', 1, 203000000),
	('CO000216', 'T0000288', 'CA000006', 'S0000005', 1, 203000000),
	('CO000217', 'T0000289', 'CA000001', 'S0000004', 1, 312050000),
	('CO000218', 'T0000290', 'CA000011', 'S0000003', 1, 202300000),
	('CO000219', 'T0000291', 'CA000011', 'S0000001', 1, 202300000),
	('CO000220', 'T0000292', 'CA000025', 'S0000002', 1, 579800000),
	('CO000221', 'T0000293', 'CA000025', 'S0000004', 1, 579800000),
	('CO000222', 'T0000294', 'CA000030', 'S0000003', 2, 1125280000),
	('CO000223', 'T0000296', 'CA000005', 'S0000002', 2, 294000000),
	('CO000224', 'T0000297', 'CA000020', 'S0000001', 2, 436000000),
	('CO000225', 'T0000298', 'CA000028', 'S0000005', 1, 203000000),
	('CO000226', 'T0000299', 'CA000002', 'S0000003', 1, 191100000),
	('CO000227', 'T0000300', 'CA000022', 'S0000005', 1, 150800000),
	('CO000228', 'T0000301', 'CA000004', 'S0000005', 2, 489600000),
	('CO000229', 'T0000302', 'CA000018', 'S0000001', 1, 260000000),
	('CO000230', 'T0000303', 'CA000024', 'S0000003', 1, 339800000),
	('CO000231', 'T0000304', 'CA000022', 'S0000003', 1, 150800000),
	('CO000232', 'T0000305', 'CA000001', 'S0000004', 1, 312050000),
	('CO000233', 'T0000306', 'CA000005', 'S0000001', 1, 147000000),
	('CO000234', 'T0000307', 'CA000019', 'S0000001', 1, 161000000),
	('CO000235', 'T0000308', 'CA000028', 'S0000005', 2, 406000000),
	('CO000236', 'T0000310', 'CA000012', 'S0000004', 2, 228000000),
	('CO000237', 'T0000311', 'CA000024', 'S0000001', 1, 339800000),
	('CO000238', 'T0000312', 'CA000010', 'S0000001', 1, 98150000),
	('CO000239', 'T0000314', 'CA000013', 'S0000005', 1, 205300000),
	('CO000240', 'T0000315', 'CA000002', 'S0000005', 1, 191100000),
	('CO000241', 'T0000316', 'CA000023', 'S0000001', 2, 417600000),
	('CO000242', 'T0000317', 'CA000026', 'S0000005', 2, 581200000),
	('CO000243', 'T0000318', 'CA000023', 'S0000004', 1, 208800000),
	('CO000244', 'T0000319', 'CA000025', 'S0000004', 1, 579800000),
	('CO000245', 'T0000320', 'CA000015', 'S0000004', 1, 542500000),
	('CO000246', 'T0000322', 'CA000006', 'S0000003', 1, 203000000),
	('CO000247', 'T0000323', 'CA000019', 'S0000005', 1, 161000000),
	('CO000248', 'T0000325', 'CA000030', 'S0000001', 1, 562640000),
	('CO000249', 'T0000327', 'CA000015', 'S0000001', 1, 542500000),
	('CO000250', 'T0000330', 'CA000026', 'S0000004', 1, 290600000),
	('CO000251', 'T0000331', 'CA000001', 'S0000002', 1, 312050000),
	('CO000252', 'T0000333', 'CA000013', 'S0000003', 1, 205300000),
	('CO000253', 'T0000334', 'CA000008', 'S0000001', 1, 481500000),
	('CO000254', 'T0000335', 'CA000022', 'S0000004', 1, 150800000),
	('CO000255', 'T0000336', 'CA000018', 'S0000001', 1, 260000000),
	('CO000256', 'T0000337', 'CA000006', 'S0000001', 1, 203000000),
	('CO000257', 'T0000341', 'CA000004', 'S0000003', 1, 244800000),
	('CO000258', 'T0000342', 'CA000004', 'S0000003', 5, 1224000000),
	('CO000259', 'T0000343', 'CA000010', 'S0000002', 1, 98150000),
	('CO000260', 'T0000344', 'CA000003', 'S0000004', 1, 476050000),
	('CO000261', 'T0000345', 'CA000012', 'S0000004', 1, 114000000),
	('CO000262', 'T0000346', 'CA000009', 'S0000002', 1, 338000000),
	('CO000263', 'T0000347', 'CA000030', 'S0000004', 1, 562640000),
	('CO000264', 'T0000348', 'CA000001', 'S0000004', 1, 312050000),
	('CO000265', 'T0000349', 'CA000007', 'S0000004', 1, 210300000),
	('CO000266', 'T0000350', 'CA000007', 'S0000001', 1, 210300000),
	('CO000267', 'T0000351', 'CA000014', 'S0000005', 1, 185800000),
	('CO000268', 'T0000352', 'CA000029', 'S0000004', 1, 172000000),
	('CO000269', 'T0000353', 'CA000008', 'S0000002', 1, 481500000),
	('CO000270', 'T0000354', 'CA000016', 'S0000004', 1, 152000000),
	('CO000271', 'T0000355', 'CA000002', 'S0000001', 1, 191100000),
	('CO000272', 'T0000356', 'CA000012', 'S0000005', 1, 114000000),
	('CO000273', 'T0000357', 'CA000015', 'S0000001', 1, 542500000),
	('CO000274', 'T0000358', 'CA000003', 'S0000001', 1, 476050000),
	('CO000275', 'T0000359', 'CA000003', 'S0000002', 1, 476050000),
	('CO000276', 'T0000360', 'CA000023', 'S0000002', 2, 417600000),
	('CO000277', 'T0000361', 'CA000014', 'S0000005', 2, 371600000),
	('CO000278', 'T0000362', 'CA000016', 'S0000002', 1, 152000000),
	('CO000279', 'T0000363', 'CA000026', 'S0000004', 1, 290600000),
	('CO000280', 'T0000364', 'CA000017', 'S0000002', 1, 386500000),
	('CO000281', 'T0000365', 'CA000005', 'S0000005', 1, 147000000),
	('CO000282', 'T0000366', 'CA000023', 'S0000002', 1, 208800000),
	('CO000283', 'T0000367', 'CA000023', 'S0000001', 1, 208800000),
	('CO000284', 'T0000368', 'CA000022', 'S0000001', 1, 150800000),
	('CO000285', 'T0000369', 'CA000016', 'S0000002', 1, 152000000),
	('CO000286', 'T0000370', 'CA000017', 'S0000001', 1, 386500000),
	('CO000287', 'T0000371', 'CA000023', 'S0000005', 1, 208800000),
	('CO000288', 'T0000372', 'CA000004', 'S0000002', 1, 244800000),
	('CO000289', 'T0000373', 'CA000029', 'S0000003', 1, 172000000),
	('CO000290', 'T0000374', 'CA000025', 'S0000004', 1, 579800000),
	('CO000291', 'T0000375', 'CA000024', 'S0000002', 1, 339800000),
	('CO000292', 'T0000376', 'CA000025', 'S0000003', 1, 579800000),
	('CO000293', 'T0000377', 'CA000020', 'S0000004', 2, 436000000),
	('CO000294', 'T0000378', 'CA000021', 'S0000004', 1, 201000000),
	('CO000295', 'T0000379', 'CA000021', 'S0000001', 1, 201000000),
	('CO000296', 'T0000380', 'CA000025', 'S0000004', 1, 579800000),
	('CO000297', 'T0000381', 'CA000004', 'S0000005', 2, 489600000),
	('CO000298', 'T0000382', 'CA000022', 'S0000005', 1, 150800000),
	('CO000299', 'T0000383', 'CA000023', 'S0000004', 1, 208800000),
	('CO000300', 'T0000384', 'CA000001', 'S0000003', 1, 312050000),
	('CO000301', 'T0000385', 'CA000022', 'S0000005', 1, 150800000),
	('CO000302', 'T0000386', 'CA000010', 'S0000004', 1, 98150000),
	('CO000303', 'T0000387', 'CA000002', 'S0000004', 1, 191100000),
	('CO000304', 'T0000388', 'CA000002', 'S0000005', 1, 191100000),
	('CO000305', 'T0000389', 'CA000016', 'S0000004', 1, 152000000),
	('CO000306', 'T0000390', 'CA000010', 'S0000003', 1, 98150000),
	('CO000307', 'T0000391', 'CA000018', 'S0000001', 1, 260000000),
	('CO000308', 'T0000392', 'CA000025', 'S0000004', 1, 579800000),
	('CO000309', 'T0000393', 'CA000030', 'S0000004', 1, 562640000),
	('CO000310', 'T0000394', 'CA000010', 'S0000003', 1, 98150000),
	('CO000311', 'T0000395', 'CA000029', 'S0000001', 1, 172000000),
	('CO000312', 'T0000396', 'CA000015', 'S0000003', 1, 542500000),
	('CO000313', 'T0000397', 'CA000016', 'S0000001', 1, 152000000),
	('CO000314', 'T0000398', 'CA000010', 'S0000003', 1, 98150000),
	('CO000315', 'T0000399', 'CA000003', 'S0000005', 1, 476050000),
	('CO000316', 'T0000400', 'CA000011', 'S0000005', 1, 202300000),
	('CO000317', 'T0000401', 'CA000011', 'S0000001', 1, 202300000),
	('CO000318', 'T0000402', 'CA000002', 'S0000001', 1, 191100000),
	('CO000319', 'T0000403', 'CA000011', 'S0000004', 1, 202300000),
	('CO000320', 'T0000404', 'CA000009', 'S0000003', 1, 338000000),
	('CO000321', 'T0000405', 'CA000017', 'S0000005', 1, 386500000),
	('CO000322', 'T0000406', 'CA000019', 'S0000002', 1, 161000000),
	('CO000323', 'T0000407', 'CA000014', 'S0000004', 1, 185800000),
	('CO000324', 'T0000408', 'CA000015', 'S0000004', 2, 1085000000),
	('CO000325', 'T0000409', 'CA000002', 'S0000001', 1, 191100000),
	('CO000326', 'T0000410', 'CA000022', 'S0000004', 1, 150800000),
	('CO000327', 'T0000411', 'CA000024', 'S0000001', 1, 339800000),
	('CO000328', 'T0000412', 'CA000006', 'S0000002', 1, 203000000),
	('CO000329', 'T0000413', 'CA000001', 'S0000004', 3, 936150000),
	('CO000330', 'T0000414', 'CA000007', 'S0000001', 1, 210300000),
	('CO000331', 'T0000415', 'CA000010', 'S0000003', 1, 98150000),
	('CO000332', 'T0000416', 'CA000010', 'S0000005', 1, 98150000),
	('CO000333', 'T0000417', 'CA000006', 'S0000002', 1, 203000000),
	('CO000334', 'T0000418', 'CA000017', 'S0000002', 1, 386500000),
	('CO000335', 'T0000420', 'CA000018', 'S0000002', 1, 260000000),
	('CO000336', 'T0000422', 'CA000021', 'S0000002', 1, 201000000),
	('CO000337', 'T0000423', 'CA000023', 'S0000002', 1, 208800000),
	('CO000338', 'T0000424', 'CA000030', 'S0000001', 2, 1125280000),
	('CO000339', 'T0000425', 'CA000024', 'S0000005', 1, 339800000),
	('CO000340', 'T0000426', 'CA000016', 'S0000003', 1, 152000000),
	('CO000341', 'T0000427', 'CA000022', 'S0000002', 1, 150800000),
	('CO000342', 'T0000428', 'CA000019', 'S0000003', 2, 322000000),
	('CO000343', 'T0000429', 'CA000008', 'S0000002', 1, 481500000),
	('CO000344', 'T0000430', 'CA000017', 'S0000001', 1, 386500000),
	('CO000345', 'T0000431', 'CA000020', 'S0000005', 1, 218000000),
	('CO000346', 'T0000432', 'CA000021', 'S0000004', 1, 201000000),
	('CO000347', 'T0000433', 'CA000023', 'S0000005', 1, 208800000),
	('CO000348', 'T0000434', 'CA000009', 'S0000004', 1, 338000000),
	('CO000349', 'T0000437', 'CA000003', 'S0000002', 1, 476050000),
	('CO000350', 'T0000438', 'CA000030', 'S0000004', 1, 562640000);
/*!40000 ALTER TABLE `carorder` ENABLE KEYS */;

-- Dumping data for table bengkel.customer: ~100 rows (approximately)
/*!40000 ALTER TABLE `customer` DISABLE KEYS */;
REPLACE INTO `customer` (`customerID`, `firstName`, `lastName`, `sex`, `dateOfBirth`, `address`, `city`, `zipCode`, `email`, `phoneNumber`) VALUES
	('C0000001', 'Nessy', 'Ragdale', 'Female', '1986-06-15', '30 Jackson Plaza', 'Jakarta', '70190', 'nragdale0@mozilla.com', '885-857-3485'),
	('C0000002', 'Roderich', 'Plues', 'Male', '1998-02-15', '429 8th Circle', 'Jakarta', '39849', 'rplues1@goo.gl', '300-914-5541'),
	('C0000003', 'Jessi', 'Close', 'Female', '1988-05-12', '275 Beilfuss Trail', 'Jakarta', '86555', 'jclose2@pbs.org', '232-736-1725'),
	('C0000004', 'Davy', 'Costelow', 'Male', '1986-09-11', '75773 Coleman Court', 'Jakarta', '35940', 'dcostelow3@plala.or.jp', '865-951-2472'),
	('C0000005', 'Lianna', 'Cosin', 'Female', '1969-10-20', '3 Bartelt Circle', 'Jakarta', '30115', 'lcosin4@1688.com', '683-663-6946'),
	('C0000006', 'Sonni', 'Badcock', 'Female', '1988-08-26', '6232 Mitchell Way', 'Jakarta', '62012', 'sbadcock5@ox.ac.uk', '208-413-9643'),
	('C0000007', 'Imogene', 'Tithecote', 'Female', '1994-10-30', '21 Talisman Circle', 'Jakarta', '65936', 'itithecote6@illinois.edu', '893-455-8337'),
	('C0000008', 'Guillaume', 'Slatcher', 'Male', '1979-07-24', '14 Debs Way', 'Jakarta', '20996', 'gslatcher7@alexa.com', '245-599-7165'),
	('C0000009', 'David', 'Hendrik', 'Male', '1968-09-28', '861 Rutledge Hill', 'Jakarta', '60808', 'dhendrik8@delicious.com', '974-299-5584'),
	('C0000010', 'Aguie', 'Ivanenkov', 'Male', '1970-03-14', '8460 Mariners Cove Court', 'Jakarta', '48053', 'aivanenkov9@google.nl', '878-993-6255'),
	('C0000011', 'Isadora', 'Horsewood', 'Female', '1960-08-19', '951 Charing Cross Road', 'Jakarta', '43941', 'ihorsewooda@army.mil', '857-285-0192'),
	('C0000012', 'Chantal', 'Bathoe', 'Female', '1992-05-05', '08 Fairview Avenue', 'Jakarta', '41439', 'cbathoeb@e-recht24.de', '489-274-2318'),
	('C0000013', 'Bertie', 'Johnigan', 'Female', '1985-03-09', '02 Meadow Vale Point', 'Jakarta', '28179', 'bjohniganc@yellowbook.com', '592-148-1545'),
	('C0000014', 'Emelyne', 'Kayes', 'Female', '1981-09-22', '88 Barnett Pass', 'Jakarta', '32976', 'ekayesd@behance.net', '472-353-5160'),
	('C0000015', 'Ahmad', 'Beswick', 'Male', '1992-06-19', '1921 Wayridge Court', 'Jakarta', '38889', 'abeswicke@pinterest.com', '664-510-7227'),
	('C0000016', 'Vitoria', 'MacRitchie', 'Female', '1981-05-18', '984 Artisan Park', 'Jakarta', '48898', 'vmacritchief@naver.com', '292-749-1536'),
	('C0000017', 'Oren', 'Phelit', 'Male', '1972-04-10', '0 Fremont Place', 'Jakarta', '91223', 'ophelitg@netvibes.com', '344-848-3930'),
	('C0000018', 'Emilee', 'Pead', 'Female', '1976-04-18', '6860 Del Mar Street', 'Jakarta', '19354', 'epeadh@squidoo.com', '176-234-3647'),
	('C0000019', 'Carrissa', 'Moon', 'Female', '1971-11-10', '1 Judy Plaza', 'Jakarta', '58209', 'cmooni@squidoo.com', '768-611-1953'),
	('C0000020', 'Claribel', 'Pugsley', 'Female', '1961-01-26', '8857 Grover Lane', 'Jakarta', '27931', 'cpugsleyj@rakuten.co.jp', '225-613-1612'),
	('C0000021', 'Katine', 'Sutlieff', 'Female', '1994-07-27', '73767 Northridge Place', 'Jakarta', '57702', 'ksutlieffk@a8.net', '227-327-3982'),
	('C0000022', 'Arin', 'Merrgan', 'Male', '2000-02-04', '52106 Carpenter Lane', 'Jakarta', '25009', 'amerrganl@yelp.com', '421-644-2000'),
	('C0000023', 'Dougie', 'Cattermull', 'Male', '1995-01-18', '03 Stephen Park', 'Jakarta', '32202', 'dcattermullm@gmpg.org', '324-533-4311'),
	('C0000024', 'Francine', 'Schust', 'Female', '1994-02-01', '28 Saint Paul Hill', 'Jakarta', '66959', 'fschustn@google.es', '135-535-5419'),
	('C0000025', 'Hulda', 'Polo', 'Female', '1960-11-28', '8 Orin Pass', 'Jakarta', '20812', 'hpoloo@google.co.jp', '994-639-8453'),
	('C0000026', 'Dian', 'Tongue', 'Female', '1981-10-12', '383 Manley Place', 'Jakarta', '17396', 'dtonguep@zimbio.com', '861-406-0773'),
	('C0000027', 'Artie', 'Polland', 'Male', '1979-05-10', '1 Prairie Rose Point', 'Jakarta', '57636', 'apollandq@twitpic.com', '251-997-6378'),
	('C0000028', 'Ezmeralda', 'Gaskoin', 'Female', '1970-09-15', '7 Manley Terrace', 'Jakarta', '32178', 'egaskoinr@webmd.com', '815-831-0955'),
	('C0000029', 'Artemis', 'Shelliday', 'Male', '1972-06-29', '833 Florence Hill', 'Jakarta', '58437', 'ashellidays@163.com', '435-435-8187'),
	('C0000030', 'Alford', 'Woolford', 'Male', '1986-12-11', '67 Cherokee Crossing', 'Jakarta', '49767', 'awoolfordt@biglobe.ne.jp', '624-734-3669'),
	('C0000031', 'Berkeley', 'Bischof', 'Male', '1969-06-20', '7418 Starling Park', 'Jakarta', '48749', 'bbischofu@ucsd.edu', '370-548-0673'),
	('C0000032', 'Garik', 'De Bruyn', 'Male', '1997-03-28', '50092 Badeau Point', 'Jakarta', '50253', 'gdebruynv@aboutads.info', '204-108-7127'),
	('C0000033', 'Wilone', 'Dilger', 'Female', '1986-02-11', '294 Alpine Lane', 'Jakarta', '56154', 'wdilgerw@cbc.ca', '335-501-3325'),
	('C0000034', 'Arleta', 'Gabbatiss', 'Female', '1982-05-08', '69996 Debs Alley', 'Jakarta', '32648', 'agabbatissx@who.int', '553-863-0091'),
	('C0000035', 'Reinaldos', 'Beebe', 'Male', '1970-08-10', '0 Steensland Pass', 'Jakarta', '11957', 'rbeebey@sakura.ne.jp', '109-706-3577'),
	('C0000036', 'Lorelle', 'Crumb', 'Female', '1970-11-16', '167 Blackbird Terrace', 'Jakarta', '54414', 'lcrumbz@nymag.com', '953-743-1363'),
	('C0000037', 'Evania', 'Buntine', 'Female', '1995-05-23', '6761 Moose Crossing', 'Jakarta', '59945', 'ebuntine10@adobe.com', '132-871-9346'),
	('C0000038', 'Emmet', 'Hicklingbottom', 'Male', '1975-09-10', '5513 Schlimgen Circle', 'Jakarta', '29254', 'ehicklingbottom11@vistaprint.com', '397-165-5802'),
	('C0000039', 'Jennifer', 'Allred', 'Female', '1982-04-27', '3 Summerview Trail', 'Jakarta', '76897', 'jallred12@newsvine.com', '569-171-4062'),
	('C0000040', 'Gunther', 'Bruhnsen', 'Male', '1995-08-03', '167 Columbus Parkway', 'Jakarta', '52766', 'gbruhnsen13@rediff.com', '597-484-4096'),
	('C0000041', 'Deerdre', 'Esgate', 'Female', '1996-02-01', '43 Oneill Court', 'Jakarta', '45205', 'desgate14@nytimes.com', '839-661-3339'),
	('C0000042', 'Drusy', 'Gonzales', 'Female', '1963-04-20', '4 Oxford Road', 'Jakarta', '45968', 'dgonzales15@lulu.com', '890-618-5669'),
	('C0000043', 'Jorgan', 'Sherrin', 'Male', '1968-05-26', '21 Vahlen Junction', 'Jakarta', '46943', 'jsherrin16@angelfire.com', '906-191-2695'),
	('C0000044', 'Lena', 'Biddulph', 'Female', '1972-05-04', '4 Sutteridge Plaza', 'Jakarta', '20845', 'lbiddulph17@dion.ne.jp', '691-464-8479'),
	('C0000045', 'Judy', 'Della', 'Female', '1983-01-03', '7 Victoria Lane', 'Jakarta', '36593', 'jdella18@theglobeandmail.com', '366-395-6617'),
	('C0000046', 'Gard', 'Rice', 'Male', '1981-02-16', '8864 Lien Junction', 'Jakarta', '46169', 'grice19@google.com.au', '644-540-3370'),
	('C0000047', 'Maryann', 'Gatecliff', 'Female', '1988-10-20', '688 Granby Drive', 'Jakarta', '98167', 'mgatecliff1a@mashable.com', '701-417-0957'),
	('C0000048', 'Cristine', 'Everil', 'Female', '1974-05-17', '07824 Holmberg Junction', 'Jakarta', '57886', 'ceveril1b@ezinearticles.com', '780-279-4262'),
	('C0000049', 'Cordy', 'Revell', 'Male', '1989-04-28', '233 Scott Lane', 'Jakarta', '40880', 'crevell1c@nih.gov', '839-316-2064'),
	('C0000050', 'Bogart', 'Blaker', 'Male', '1960-11-11', '595 Clove Way', 'Jakarta', '23676', 'bblaker1d@ibm.com', '593-594-3814'),
	('C0000051', 'Nanette', 'Careswell', 'Female', '1975-04-10', '5787 Crownhardt Circle', 'Jakarta', '40895', 'ncareswell1e@webnode.com', '442-182-9370'),
	('C0000052', 'Xenia', 'Tuerena', 'Female', '1969-09-13', '06 Merry Alley', 'Jakarta', '45092', 'xtuerena1f@altervista.org', '893-696-3692'),
	('C0000053', 'Goober', 'Mc Curlye', 'Male', '1990-05-29', '8 Butternut Avenue', 'Jakarta', '87228', 'gmccurlye1g@theguardian.com', '176-627-0244'),
	('C0000054', 'Ira', 'Kemwall', 'Male', '1961-12-07', '77 American Avenue', 'Jakarta', '26818', 'ikemwall1h@weebly.com', '105-898-3983'),
	('C0000055', 'Lacey', 'Neighbour', 'Female', '1997-03-23', '9 Acker Circle', 'Jakarta', '34439', 'lneighbour1i@wikipedia.org', '753-309-3486'),
	('C0000056', 'Vevay', 'Turtle', 'Female', '1963-11-27', '8 Fairview Plaza', 'Jakarta', '27637', 'vturtle1j@nymag.com', '590-706-2370'),
	('C0000057', 'Godiva', 'Cottham', 'Female', '1982-02-15', '36780 Lindbergh Plaza', 'Jakarta', '60877', 'gcottham1k@soundcloud.com', '835-301-0995'),
	('C0000058', 'Pattin', 'Cromley', 'Male', '1987-10-25', '1668 Crowley Avenue', 'Jakarta', '27774', 'pcromley1l@phoca.cz', '810-165-1146'),
	('C0000059', 'Sig', 'Jumel', 'Male', '1980-10-05', '32775 Paget Crossing', 'Jakarta', '54038', 'sjumel1m@ibm.com', '970-740-3115'),
	('C0000060', 'Glori', 'Goody', 'Female', '1972-11-27', '668 Washington Terrace', 'Jakarta', '95345', 'ggoody1n@berkeley.edu', '435-930-8737'),
	('C0000061', 'Newton', 'Setterthwait', 'Male', '1991-01-27', '7 Annamark Road', 'Jakarta', '12498', 'nsetterthwait1o@webeden.co.uk', '196-978-7927'),
	('C0000062', 'Hilton', 'Elijah', 'Male', '1984-05-30', '51 Roxbury Center', 'Jakarta', '48949', 'helijah1p@wordpress.org', '226-557-6288'),
	('C0000063', 'Pauli', 'Tern', 'Female', '1996-11-12', '0150 Gina Terrace', 'Jakarta', '77275', 'ptern1q@state.tx.us', '915-107-4163'),
	('C0000064', 'Lorry', 'Nolin', 'Female', '1964-02-28', '06 John Wall Point', 'Jakarta', '37554', 'lnolin1r@umn.edu', '138-789-3987'),
	('C0000065', 'Franzen', 'Charon', 'Male', '1989-03-03', '751 Carpenter Drive', 'Jakarta', '70957', 'fcharon1s@tmall.com', '323-776-8447'),
	('C0000066', 'Mame', 'Errett', 'Female', '1976-08-02', '655 Oak Valley Way', 'Jakarta', '29121', 'merrett1t@woothemes.com', '343-703-6717'),
	('C0000067', 'Lucias', 'Shawel', 'Male', '1996-05-06', '96 Bluestem Park', 'Jakarta', '17788', 'lshawel1u@blinklist.com', '214-461-6542'),
	('C0000068', 'Thoma', 'Boggas', 'Male', '1969-11-12', '292 Mifflin Street', 'Jakarta', '16014', 'tboggas1v@si.edu', '949-349-4646'),
	('C0000069', 'Ermina', 'Clemmen', 'Female', '1982-12-11', '40983 Kingsford Court', 'Jakarta', '53023', 'eclemmen1w@clickbank.net', '347-596-5498'),
	('C0000070', 'Ber', 'Cumpton', 'Male', '1973-01-22', '2 Jay Park', 'Jakarta', '43693', 'bcumpton1x@smh.com.au', '363-342-7071'),
	('C0000071', 'Skyler', 'McSpirron', 'Male', '1966-10-31', '3289 Longview Street', 'Jakarta', '65689', 'smcspirron1y@paginegialle.it', '522-793-2692'),
	('C0000072', 'Marlena', 'Claricoats', 'Female', '1979-05-20', '80460 Delladonna Circle', 'Jakarta', '60076', 'mclaricoats1z@wired.com', '807-156-0521'),
	('C0000073', 'Matilde', 'Robyns', 'Female', '1960-05-07', '55891 Moland Hill', 'Jakarta', '54434', 'mrobyns20@xing.com', '779-777-6527'),
	('C0000074', 'Jacinthe', 'Fontes', 'Female', '1968-10-21', '2210 Pearson Hill', 'Jakarta', '89363', 'jfontes21@google.co.jp', '395-344-1303'),
	('C0000075', 'Shaine', 'Taudevin', 'Female', '1991-04-21', '0134 Elgar Crossing', 'Jakarta', '37824', 'staudevin22@va.gov', '138-541-6317'),
	('C0000076', 'Shermy', 'Rodenborch', 'Male', '1962-03-12', '27 Portage Circle', 'Jakarta', '49829', 'srodenborch23@apple.com', '545-888-7387'),
	('C0000077', 'Tiphani', 'Skyram', 'Female', '1999-05-02', '74 Miller Terrace', 'Jakarta', '99296', 'tskyram24@cdc.gov', '987-392-0812'),
	('C0000078', 'Meredith', 'Friett', 'Female', '1988-02-12', '63267 Esker Pass', 'Jakarta', '53392', 'mfriett25@chron.com', '875-590-4127'),
	('C0000079', 'Callean', 'Ledes', 'Male', '1994-03-27', '5 Moulton Street', 'Jakarta', '92497', 'cledes26@icio.us', '767-818-0671'),
	('C0000080', 'Albie', 'Ranshaw', 'Male', '1979-11-23', '835 Mandrake Alley', 'Jakarta', '79448', 'aranshaw27@ucsd.edu', '179-780-9196'),
	('C0000081', 'Bethany', 'Dumbrill', 'Female', '1969-06-01', '13 Truax Road', 'Jakarta', '39881', 'bdumbrill28@ow.ly', '865-550-2341'),
	('C0000082', 'Min', 'Axe', 'Female', '2002-06-15', '81 Hagan Road', 'Jakarta', '92798', 'maxe29@ovh.net', '741-341-2228'),
	('C0000083', 'Clerc', 'Hyder', 'Male', '1996-06-25', '3 Ridge Oak Place', 'Jakarta', '23017', 'chyder2a@spotify.com', '183-881-8608'),
	('C0000084', 'Guthrie', 'Castelli', 'Male', '1968-08-26', '844 Fair Oaks Park', 'Jakarta', '24454', 'gcastelli2b@tmall.com', '471-682-9321'),
	('C0000085', 'Nester', 'Josefowicz', 'Male', '1967-06-13', '1 Westend Junction', 'Bandung', '32005', 'njosefowicz2c@cbsnews.com', '233-432-2548'),
	('C0000086', 'Luca', 'Broxholme', 'Male', '1988-05-01', '471 Mockingbird Alley', 'Bogor', '50568', 'lbroxholme2d@hao123.com', '883-822-4692'),
	('C0000087', 'Klemens', 'McCullouch', 'Male', '1993-03-11', '4 Gateway Lane', 'Jakarta', '26647', 'kmccullouch2e@stumbleupon.com', '216-672-6802'),
	('C0000088', 'Wood', 'Swains', 'Male', '2001-05-30', '81 Prairie Rose Trail', 'Jakarta', '38165', 'wswains2f@berkeley.edu', '286-344-8043'),
	('C0000089', 'Hermann', 'Layzell', 'Male', '1992-07-01', '0785 Shoshone Point', 'Jakarta', '45791', 'hlayzell2g@yandex.ru', '351-890-2035'),
	('C0000090', 'Regine', 'Armfield', 'Female', '1978-12-17', '6 Lerdahl Parkway', 'Jakarta', '13998', 'rarmfield2h@addtoany.com', '110-496-4133'),
	('C0000091', 'Inessa', 'Mapis', 'Female', '1986-05-21', '9 Debra Lane', 'Jakarta', '40098', 'imapis2i@cafepress.com', '925-711-9241'),
	('C0000092', 'Alain', 'Bikker', 'Male', '1967-01-12', '86588 Petterle Crossing', 'Jakarta', '48015', 'abikker2j@blogger.com', '834-303-1087'),
	('C0000093', 'Nelle', 'Lapslie', 'Female', '2000-09-27', '16786 Pankratz Court', 'Jakarta', '60649', 'nlapslie2k@technorati.com', '993-922-6743'),
	('C0000094', 'Malinda', 'Farfolomeev', 'Female', '1966-09-16', '01899 Pennsylvania Center', 'Jakarta', '53912', 'mfarfolomeev2l@tripod.com', '140-820-8306'),
	('C0000095', 'Adler', 'Zumbusch', 'Male', '1989-05-06', '8 Monica Hill', 'Jakarta', '22803', 'azumbusch2m@mtv.com', '890-547-7751'),
	('C0000096', 'Parnell', 'Davidofski', 'Male', '1984-05-27', '98 Meadow Vale Alley', 'Jakarta', '87024', 'pdavidofski2n@themeforest.net', '221-330-0441'),
	('C0000097', 'Gaby', 'Gummer', 'Male', '1983-02-20', '90265 Roxbury Avenue', 'Jakarta', '79583', 'ggummer2o@hao123.com', '214-610-1397'),
	('C0000098', 'Kelbee', 'Jonsson', 'Male', '1992-08-15', '080 Fair Oaks Way', 'Jakarta', '16933', 'kjonsson2p@purevolume.com', '976-617-7716'),
	('C0000099', 'Rudyard', 'Cyson', 'Male', '1973-10-19', '68 Rigney Park', 'Jakarta', '66784', 'rcyson2q@facebook.com', '739-586-1405'),
	('C0000100', 'Thaxter', 'Glanvill', 'Male', '1979-11-11', '2623 Kings Court', 'Jakarta', '96066', 'tglanvill2r@netvibes.com', '919-903-0374');
/*!40000 ALTER TABLE `customer` ENABLE KEYS */;

-- Dumping data for table bengkel.employee: ~25 rows (approximately)
/*!40000 ALTER TABLE `employee` DISABLE KEYS */;
REPLACE INTO `employee` (`employeeID`, `firstName`, `lastName`, `sex`, `dateOfBirth`, `address`, `city`, `zipCode`, `email`, `phoneNumber`, `jobName`, `dateJoin`, `salary`) VALUES
	('E0000001', 'Marquita', 'Dedman', 'Female', '1980-11-01', '3 Dixon Way', 'Jakarta', '11800', 'mdedman0@amazon.com', '(119) 5488248', 'Engineer I', '2018-01-01', '331035662'),
	('E0000002', 'Griz', 'De Luna', 'Male', '1971-08-01', '591 Corscot Road', 'Jakarta', '11700', 'gdeluna1@cnet.com', '(922) 1514662', 'Senior Cost Accountant', '2018-01-01', '594766178'),
	('E0000003', 'Chrissy', 'Honeyghan', 'Male', '1975-08-03', '8 Harbort Junction', 'Jakarta', '11820', 'choneyghan2@cmu.edu', '(223) 4534430', 'Accounting Assistant II', '2018-01-01', '990843080 '),
	('E0000004', 'Verene', 'Fransemai', 'Female', '1993-02-21', '70 Roth Parkway', 'Jakarta', '11830', 'vfransemai3@illinois.edu', '(571) 8065649', 'Professor', '2018-01-01', '490623935'),
	('E0000005', 'Kiley', 'Neles', 'Male', '1970-12-10', '2 7th Road', 'Jakarta', '13120', 'kneles4@harvard.edu', '(289) 7390640', 'Associate Professor', '2018-01-01', '946585655 '),
	('E0000006', 'Floris', 'Leaton', 'Female', '1966-03-06', '39 Donald Park', 'Jakarta', '11200', 'fleaton5@craigslist.org', '(288) 8615233', 'VP Quality Control', '2018-01-01', '904528209 '),
	('E0000007', 'Gregoor', 'Mossdale', 'Male', '1968-09-22', '24 Forest Plaza', 'Jakarta', '13100', 'gmossdale6@state.tx.us', '(617) 5482041', 'Food Chemist', '2018-01-01', '974661872 '),
	('E0000008', 'Giselle', 'Winterborne', 'Female', '1972-04-23', '94706 Park Meadow Park', 'Jakarta', '11110', 'gwinterborne7@loc.gov', '(203) 1272870', 'Software Test Engineer IV', '2018-01-01', '640890704 '),
	('E0000009', 'Bone', 'Latty', 'Male', '1993-09-10', '7 Laurel Plaza', 'Jakarta', '12120', 'blatty8@npr.org', '(205) 8680233', 'Research Nurse', '2018-01-01', '934267350 '),
	('E0000010', 'Eleni', 'Sowood', 'Female', '1963-01-22', '67 Katie Drive', 'Tangerang', '15812', 'Esowood9@icio.us', '(804) 6373114', 'Accounting Assistant II', '2018-01-01', '318789895 '),
	('E0000011', 'Yvonne', 'Greenfield', 'Female', '1982-01-02', '6 Hauk Place', 'Jakarta', '10110', 'ygreenfielda@com.com', '(741) 8780844', 'Computer Systems Analyst I', '2018-01-01', '969182705 '),
	('E0000012', 'Noreen', 'Linnemann', 'Female', '1970-05-30', '457 Talisman Lane', 'Jakarta', '11810', 'nlinnemannb@oaic.gov.au', '(626) 9084531', 'VP Marketing', '2018-01-01', '417252767 '),
	('E0000013', 'Annemarie', 'Balstone', 'Female', '1972-12-14', '22 Warner Alley', 'Jakarta', '11910', 'abalstonec@eepurl.com', '(479) 4574873', 'Recruiting Manager', '2018-01-01', '343280988 '),
	('E0000014', 'Leshia', 'MacTrustam', 'Female', '1980-11-11', '132 Stang Place', 'Jakarta', '11850', 'lmactrustamd@live.com', '(368) 8505337', 'Junior Executive', '2018-01-01', '926753003 '),
	('E0000015', 'Tybalt', 'Tofpik', 'Male', '1993-03-11', '84 1st Alley', 'Jakarta', '11800', 'ttofpike@yolasite.com', '(630) 6064636', 'Mechanical Systems Engineer', '2018-01-01', '953063887 '),
	('E0000016', 'Petey', 'Papes', 'Male', '1992-12-10', '52774 Shopko Circle', 'Tangerang', '15810', 'ppapesf@europa.eu', '(497) 4496418', 'VP Product Management', '2018-01-01', '374600325 '),
	('E0000017', 'Cassey', 'Jillings', 'Female', '1988-01-01', '9582 Rockefeller Place', 'Jakarta', '11900', 'cjillingsg@mashable.com', '(473) 3687169', 'Research Nurse', '2018-01-01', '858360650 '),
	('E0000018', 'Lotta', 'Worham', 'Female', '1978-04-17', '7 Toban Parkway', 'Jakarta', '11550', 'lworhamh@shareasale.com', '(984) 9725538', 'Media Manager I', '2018-01-01', '795267028 '),
	('E0000019', 'Barron', 'Boriston', 'Male', '1980-05-08', '324 Chive Street', 'Jakarta', '11800', 'bboristoni@arstechnica.com', '(907) 5435992', 'Social Worker', '2018-01-01', '764867827 '),
	('E0000020', 'Care', 'Elvy', 'Male', '1984-08-01', '1031 Hoffman Crossing', 'Jakarta', '11730', 'celvyj@forbes.com', '(414) 6292780', 'Accounting Assistant II', '2018-01-01', '612420122 '),
	('E0000021', 'Bevan', 'Sutherns', 'Male', '1968-04-13', '20 Donald Avenue', 'Jakarta', '11201', 'bsuthernsk@mediafire.com', '(341) 3655779', 'Mechanical Systems Engineer', '2018-01-01', '657110941 '),
	('E0000022', 'Maurizia', 'Bispham', 'Female', '1997-12-12', '9 Nancy Plaza', 'Jakarta', '11830', 'mbisphaml@pagesperso-orange.fr', '(710) 3389595', 'Sales Representative', '2018-01-01', '367107066 '),
	('E0000023', 'Isac', 'Santore', 'Male', '1999-06-08', '87729 Coolidge Center', 'Jakarta', '11811', 'isantorem@sogou.com', '(825) 6750507', 'Nurse Practicioner', '2018-01-01', '371261658 '),
	('E0000024', 'Vince', 'Motte', 'Male', '1987-07-12', '5 Crownhardt Way', 'Jakarta', '11010', 'vmotten@odnoklassniki.ru', '(184) 9896474', 'Editor', '2018-01-01', '887662595 '),
	('E0000025', 'Justina', 'Strewthers', 'Female', '1982-10-22', '94864 Vahlen Terrace', 'Tangerang', '15811', 'jstrewtherso@thetimes.co.uk', '(644) 6384846', 'Help Desk Technician', '2018-01-01', '735473465 ');
/*!40000 ALTER TABLE `employee` ENABLE KEYS */;

-- Dumping data for table bengkel.joblist: ~22 rows (approximately)
/*!40000 ALTER TABLE `joblist` DISABLE KEYS */;
REPLACE INTO `joblist` (`jobID`, `masterID`, `jobName`, `price`) VALUES
	('J0000001', 'M0000001', 'oil change service', 350000),
	('J0000002', 'M0000002', 'two wheel alignment', 1000000),
	('J0000003', 'M0000003', 'wheel balance', 400000),
	('J0000004', 'M0000004', 'tire rotation', 300000),
	('J0000005', 'M0000005', 'tire rotation and balance', 650000),
	('J0000006', 'M0000006', 'battery service', 300000),
	('J0000007', 'M0000007', 'engine air filter replace', 450000),
	('J0000008', 'M0000008', 'cabin air filter replace', 750000),
	('J0000009', 'M0000009', 'transmission fluid exchange', 2200000),
	('J0000010', 'M0000010', 'fuel injection cleaning', 1500000),
	('J0000011', 'M0000011', 'fuel additive', 180000),
	('J0000012', 'M0000012', 'coolant exchange', 1400000),
	('J0000013', 'M0000013', 'brake fluid exchange', 1200000),
	('J0000014', 'M0000014', 'power steering fluid exchange', 1200000),
	('J0000015', 'M0000015', 'replace two front wiper blades', 300000),
	('J0000016', 'M0000016', 'multi-point inspection', 200000),
	('J0000017', 'M0000017', 'uber inspection', 500000),
	('J0000018', 'M0000018', 'spooring', 175000),
	('J0000019', 'M0000019', 'balancing', 65000),
	('J0000020', 'M0000020', 'car wash', 50000),
	('J0000021', 'M0000021', 'car polish', 100000),
	('J0000022', 'M0000022', 'carbon clean', 475000);
/*!40000 ALTER TABLE `joblist` ENABLE KEYS */;

-- Dumping data for table bengkel.joborder: ~100 rows (approximately)
/*!40000 ALTER TABLE `joborder` DISABLE KEYS */;
REPLACE INTO `joborder` (`jobOrderID`, `transactionID`, `jobID`, `licensePlate`, `status`) VALUES
	('JO000001', 'T0000003', 'J0000021', 'B5405M', 'finished'),
	('JO000002', 'T0000008', 'J0000006', 'B7444I', 'finished'),
	('JO000003', 'T0000009', 'J0000013', 'B7320D', 'finished'),
	('JO000004', 'T0000014', 'J0000021', 'B9748E', 'finished'),
	('JO000005', 'T0000015', 'J0000009', 'B1626N', 'finished'),
	('JO000006', 'T0000016', 'J0000004', 'B4174A', 'finished'),
	('JO000007', 'T0000017', 'J0000008', 'B6421O', 'finished'),
	('JO000008', 'T0000020', 'J0000017', 'B7541L', 'finished'),
	('JO000009', 'T0000024', 'J0000011', 'B1597E', 'finished'),
	('JO000010', 'T0000027', 'J0000001', 'B2845F', 'finished'),
	('JO000011', 'T0000027', 'J0000002', 'B550JJ', 'finished'),
	('JO000012', 'T0000028', 'J0000003', 'B618GG', 'finished'),
	('JO000013', 'T0000030', 'J0000009', 'B3315C', 'finished'),
	('JO000014', 'T0000033', 'J0000019', 'B2392O', 'finished'),
	('JO000015', 'T0000033', 'J0000010', 'B4131O', 'finished'),
	('JO000016', 'T0000036', 'J0000021', 'B8987C', 'finished'),
	('JO000017', 'T0000037', 'J0000014', 'B8987M', 'finished'),
	('JO000018', 'T0000038', 'J0000021', 'B3617N', 'finished'),
	('JO000019', 'T0000044', 'J0000005', 'B2740I', 'finished'),
	('JO000020', 'T0000046', 'J0000006', 'B3463A', 'finished'),
	('JO000021', 'T0000046', 'J0000019', 'B9802O', 'finished'),
	('JO000022', 'T0000048', 'J0000002', 'B3778L', 'finished'),
	('JO000023', 'T0000049', 'J0000010', 'B75858K', 'finished'),
	('JO000024', 'T0000052', 'J0000007', 'B1361B', 'finished'),
	('JO000025', 'T0000052', 'J0000003', 'B8929G', 'finished'),
	('JO000026', 'T0000055', 'J0000009', 'B8267D', 'finished'),
	('JO000027', 'T0000057', 'J0000017', 'B1274G', 'finished'),
	('JO000028', 'T0000061', 'J0000001', 'B8531K', 'finished'),
	('JO000029', 'T0000064', 'J0000006', 'B7558I', 'finished'),
	('JO000030', 'T0000066', 'J0000012', 'B8387D', 'finished'),
	('JO000031', 'T0000067', 'J0000009', 'B502BB', 'finished'),
	('JO000032', 'T0000067', 'J0000018', 'B8031K', 'finished'),
	('JO000033', 'T0000067', 'J0000006', 'B3835E', 'finished'),
	('JO000034', 'T0000068', 'J0000009', 'B4882D', 'finished'),
	('JO000035', 'T0000071', 'J0000013', 'B6095L', 'finished'),
	('JO000036', 'T0000073', 'J0000007', 'B9752B', 'finished'),
	('JO000037', 'T0000073', 'J0000020', 'B3291B', 'finished'),
	('JO000038', 'T0000074', 'J0000017', 'B8747B', 'finished'),
	('JO000039', 'T0000075', 'J0000006', 'B4989M', 'finished'),
	('JO000040', 'T0000077', 'J0000005', 'B9667H', 'finished'),
	('JO000041', 'T0000078', 'J0000004', 'B3234M', 'finished'),
	('JO000042', 'T0000079', 'J0000018', 'B2555K', 'finished'),
	('JO000043', 'T0000079', 'J0000019', 'B8040O', 'finished'),
	('JO000044', 'T0000080', 'J0000003', 'B729KK', 'finished'),
	('JO000045', 'T0000080', 'J0000009', 'B8147L', 'finished'),
	('JO000046', 'T0000081', 'J0000019', 'B5060C', 'finished'),
	('JO000047', 'T0000081', 'J0000017', 'B1689B', 'finished'),
	('JO000048', 'T0000082', 'J0000006', 'B5645L', 'finished'),
	('JO000049', 'T0000083', 'J0000016', 'B3663O', 'finished'),
	('JO000050', 'T0000084', 'J0000013', 'B1868E', 'finished'),
	('JO000051', 'T0000084', 'J0000015', 'B2501I', 'finished'),
	('JO000052', 'T0000088', 'J0000005', 'B8954L', 'finished'),
	('JO000053', 'T0000090', 'J0000020', 'B1712L', 'finished'),
	('JO000054', 'T0000093', 'J0000017', 'B1895I', 'finished'),
	('JO000055', 'T0000095', 'J0000016', 'B1361F', 'finished'),
	('JO000056', 'T0000096', 'J0000022', 'B7524B', 'finished'),
	('JO000057', 'T0000097', 'J0000009', 'B8587H', 'finished'),
	('JO000058', 'T0000098', 'J0000022', 'B2397K', 'finished'),
	('JO000059', 'T0000099', 'J0000012', 'B1144H', 'finished'),
	('JO000060', 'T0000101', 'J0000021', 'B7516D', 'finished'),
	('JO000061', 'T0000104', 'J0000004', 'B1640O', 'finished'),
	('JO000062', 'T0000105', 'J0000017', 'B1630O', 'finished'),
	('JO000063', 'T0000106', 'J0000018', 'B9878A', 'finished'),
	('JO000064', 'T0000106', 'J0000009', 'B8014F', 'finished'),
	('JO000065', 'T0000107', 'J0000008', 'B6384J', 'finished'),
	('JO000066', 'T0000109', 'J0000001', 'B3786M', 'finished'),
	('JO000067', 'T0000109', 'J0000016', 'B8462O', 'finished'),
	('JO000068', 'T0000110', 'J0000002', 'B1511O', 'finished'),
	('JO000069', 'T0000111', 'J0000013', 'B4216E', 'finished'),
	('JO000070', 'T0000113', 'J0000011', 'B1164D', 'finished'),
	('JO000071', 'T0000116', 'J0000015', 'B2823H', 'finished'),
	('JO000072', 'T0000118', 'J0000007', 'B4388K', 'finished'),
	('JO000073', 'T0000118', 'J0000004', 'B1803C', 'finished'),
	('JO000074', 'T0000120', 'J0000018', 'B2963B', 'finished'),
	('JO000075', 'T0000121', 'J0000005', 'B2717K', 'finished'),
	('JO000076', 'T0000122', 'J0000006', 'B4626A', 'finished'),
	('JO000077', 'T0000132', 'J0000012', 'B1570L', 'finished'),
	('JO000078', 'T0000135', 'J0000015', 'B1910D', 'finished'),
	('JO000079', 'T0000136', 'J0000006', 'B9444J', 'finished'),
	('JO000080', 'T0000140', 'J0000020', 'B9519H', 'finished'),
	('JO000081', 'T0000146', 'J0000007', 'B7725B', 'finished'),
	('JO000082', 'T0000151', 'J0000014', 'B8598L', 'finished'),
	('JO000083', 'T0000152', 'J0000009', 'B2469C', 'finished'),
	('JO000084', 'T0000153', 'J0000009', 'B3383N', 'finished'),
	('JO000085', 'T0000155', 'J0000014', 'B1194C', 'finished'),
	('JO000086', 'T0000156', 'J0000002', 'B8113N', 'finished'),
	('JO000087', 'T0000158', 'J0000020', 'B987HH', 'finished'),
	('JO000088', 'T0000159', 'J0000011', 'B503MM', 'finished'),
	('JO000089', 'T0000161', 'J0000011', 'B2380H', 'finished'),
	('JO000090', 'T0000164', 'J0000008', 'B5823E', 'finished'),
	('JO000091', 'T0000166', 'J0000011', 'B4224J', 'finished'),
	('JO000092', 'T0000168', 'J0000002', 'B757GG', 'finished'),
	('JO000093', 'T0000172', 'J0000013', 'B1237L', 'finished'),
	('JO000094', 'T0000173', 'J0000016', 'B9103J', 'finished'),
	('JO000095', 'T0000176', 'J0000004', 'B9596K', 'finished'),
	('JO000096', 'T0000179', 'J0000017', 'B6013H', 'finished'),
	('JO000097', 'T0000180', 'J0000018', 'B1262D', 'finished'),
	('JO000098', 'T0000188', 'J0000017', 'B1457K', 'finished'),
	('JO000099', 'T0000193', 'J0000007', 'B2980O', 'finished'),
	('JO000100', 'T0000198', 'J0000020', 'B4131A', 'finished');
/*!40000 ALTER TABLE `joborder` ENABLE KEYS */;

-- Dumping data for table bengkel.jobworker: ~100 rows (approximately)
/*!40000 ALTER TABLE `jobworker` DISABLE KEYS */;
REPLACE INTO `jobworker` (`jobOrderID`, `employeeID`) VALUES
	('JO000001', 'E0000002'),
	('JO000002', 'E0000008'),
	('JO000003', 'E0000005'),
	('JO000004', 'E0000001'),
	('JO000005', 'E0000010'),
	('JO000006', 'E0000005'),
	('JO000007', 'E0000009'),
	('JO000008', 'E0000009'),
	('JO000009', 'E0000003'),
	('JO000010', 'E0000005'),
	('JO000011', 'E0000006'),
	('JO000012', 'E0000006'),
	('JO000013', 'E0000002'),
	('JO000014', 'E0000008'),
	('JO000015', 'E0000002'),
	('JO000016', 'E0000002'),
	('JO000017', 'E0000006'),
	('JO000018', 'E0000003'),
	('JO000019', 'E0000008'),
	('JO000020', 'E0000007'),
	('JO000021', 'E0000002'),
	('JO000022', 'E0000005'),
	('JO000023', 'E0000003'),
	('JO000024', 'E0000004'),
	('JO000025', 'E0000003'),
	('JO000026', 'E0000003'),
	('JO000027', 'E0000002'),
	('JO000028', 'E0000007'),
	('JO000029', 'E0000009'),
	('JO000030', 'E0000006'),
	('JO000031', 'E0000008'),
	('JO000032', 'E0000007'),
	('JO000033', 'E0000002'),
	('JO000034', 'E0000009'),
	('JO000035', 'E0000010'),
	('JO000036', 'E0000003'),
	('JO000037', 'E0000008'),
	('JO000038', 'E0000010'),
	('JO000039', 'E0000006'),
	('JO000040', 'E0000005'),
	('JO000041', 'E0000004'),
	('JO000042', 'E0000002'),
	('JO000043', 'E0000003'),
	('JO000044', 'E0000004'),
	('JO000045', 'E0000004'),
	('JO000046', 'E0000005'),
	('JO000047', 'E0000002'),
	('JO000048', 'E0000002'),
	('JO000049', 'E0000004'),
	('JO000050', 'E0000009'),
	('JO000051', 'E0000008'),
	('JO000052', 'E0000005'),
	('JO000053', 'E0000003'),
	('JO000054', 'E0000008'),
	('JO000055', 'E0000008'),
	('JO000056', 'E0000010'),
	('JO000057', 'E0000004'),
	('JO000058', 'E0000002'),
	('JO000059', 'E0000010'),
	('JO000060', 'E0000009'),
	('JO000061', 'E0000007'),
	('JO000062', 'E0000006'),
	('JO000063', 'E0000001'),
	('JO000064', 'E0000003'),
	('JO000065', 'E0000009'),
	('JO000066', 'E0000007'),
	('JO000067', 'E0000001'),
	('JO000068', 'E0000003'),
	('JO000069', 'E0000005'),
	('JO000070', 'E0000009'),
	('JO000071', 'E0000007'),
	('JO000072', 'E0000006'),
	('JO000073', 'E0000001'),
	('JO000074', 'E0000010'),
	('JO000075', 'E0000001'),
	('JO000076', 'E0000001'),
	('JO000077', 'E0000007'),
	('JO000078', 'E0000002'),
	('JO000079', 'E0000004'),
	('JO000080', 'E0000009'),
	('JO000081', 'E0000010'),
	('JO000082', 'E0000004'),
	('JO000083', 'E0000005'),
	('JO000084', 'E0000005'),
	('JO000085', 'E0000007'),
	('JO000086', 'E0000001'),
	('JO000087', 'E0000007'),
	('JO000088', 'E0000007'),
	('JO000089', 'E0000002'),
	('JO000090', 'E0000009'),
	('JO000091', 'E0000005'),
	('JO000092', 'E0000010'),
	('JO000093', 'E0000007'),
	('JO000094', 'E0000004'),
	('JO000095', 'E0000008'),
	('JO000096', 'E0000009'),
	('JO000097', 'E0000009'),
	('JO000098', 'E0000003'),
	('JO000099', 'E0000010'),
	('JO000100', 'E0000002');
/*!40000 ALTER TABLE `jobworker` ENABLE KEYS */;

-- Dumping data for table bengkel.master: ~78 rows (approximately)
/*!40000 ALTER TABLE `master` DISABLE KEYS */;
REPLACE INTO `master` (`masterID`) VALUES
	('M0000001'),
	('M0000002'),
	('M0000003'),
	('M0000004'),
	('M0000005'),
	('M0000006'),
	('M0000007'),
	('M0000008'),
	('M0000009'),
	('M0000010'),
	('M0000011'),
	('M0000012'),
	('M0000013'),
	('M0000014'),
	('M0000015'),
	('M0000016'),
	('M0000017'),
	('M0000018'),
	('M0000019'),
	('M0000020'),
	('M0000021'),
	('M0000022'),
	('M0000023'),
	('M0000024'),
	('M0000025'),
	('M0000026'),
	('M0000027'),
	('M0000028'),
	('M0000029'),
	('M0000030'),
	('M0000031'),
	('M0000032'),
	('M0000033'),
	('M0000034'),
	('M0000035'),
	('M0000036'),
	('M0000037'),
	('M0000038'),
	('M0000039'),
	('M0000040'),
	('M0000041'),
	('M0000042'),
	('M0000043'),
	('M0000044'),
	('M0000045'),
	('M0000046'),
	('M0000047'),
	('M0000048'),
	('M0000049'),
	('M0000050'),
	('M0000051'),
	('M0000052'),
	('M0000053'),
	('M0000054'),
	('M0000055'),
	('M0000056'),
	('M0000057'),
	('M0000058'),
	('M0000059'),
	('M0000060'),
	('M0000061'),
	('M0000062'),
	('M0000063'),
	('M0000064'),
	('M0000065'),
	('M0000066'),
	('M0000067'),
	('M0000068'),
	('M0000069'),
	('M0000070'),
	('M0000071'),
	('M0000072'),
	('M0000073'),
	('M0000074'),
	('M0000075'),
	('M0000076'),
	('M0000077'),
	('M0000078');
/*!40000 ALTER TABLE `master` ENABLE KEYS */;

-- Dumping data for table bengkel.pointofsales: ~5 rows (approximately)
/*!40000 ALTER TABLE `pointofsales` DISABLE KEYS */;
REPLACE INTO `pointofsales` (`posID`, `employeeID`, `startTime`, `endTime`) VALUES
	('POS00001', 'E0000021', '08:00:00', '12:00:00'),
	('POS00002', 'E0000022', '10:00:00', '14:00:00'),
	('POS00003', 'E0000023', '12:00:00', '16:00:00'),
	('POS00004', 'E0000024', '14:00:00', '18:00:00'),
	('POS00005', 'E0000025', '16:00:00', '20:00:00');
/*!40000 ALTER TABLE `pointofsales` ENABLE KEYS */;

-- Dumping data for table bengkel.productlist: ~25 rows (approximately)
/*!40000 ALTER TABLE `productlist` DISABLE KEYS */;
REPLACE INTO `productlist` (`productID`, `masterID`, `supplierID`, `productName`, `productType`, `price`, `buyPrice`, `quantity`) VALUES
	('P0000001', 'M0000023', 'S0000001', 'Nilight 18W 30 Degree High LED Lights', 'Fog lamp', 260000, 216000, 124),
	('P0000002', 'M0000024', 'S0000002', 'Philips H3 VisionPlus Headlight/FogLight Bulb', 'Fog lamp', 491000, 409000, 155),
	('P0000003', 'M0000025', 'S0000003', 'Winjet Chevy Silverado 1500 and 2500 OEM Fog Light', 'Fog lamp', 444000, 367000, 168),
	('P0000004', 'M0000026', 'S0000004', 'SiriusLED H8 Size DRL Fog Light LED', 'Fog lamp', 2280000, 1900000, 220),
	('P0000005', 'M0000027', 'S0000002', 'Philips 12834UNIX2 X-tremeVision LED Fog Light', 'Fog lamp', 2160000, 1800000, 221),
	('P0000006', 'M0000028', 'S0000005', 'WeatherTech 82741 Side Window Deflector', 'Window Wind Deflectors', 2028000, 1690000, 224),
	('P0000007', 'M0000029', 'S0000006', 'Auto Ventshade Side Window Deflector', 'Window Wind Deflectors', 1182000, 985000, 239),
	('P0000008', 'M0000030', 'S0000007', 'Bosch OE Specialty AeroTwin', 'Wiper', 422000, 352000, 157),
	('P0000009', 'M0000031', 'S0000008', 'kanebo Wiper', 'Wiper', 366000, 305000, 199),
	('P0000010', 'M0000032', 'S0000009', 'RAIN-TECH Aerodynamic Silicone Wiper Blade', 'Wiper', 360000, 300000, 176),
	('P0000011', 'M0000033', 'S0000010', 'Isoka car door handle', 'Door Handle', 405000, 338000, 228),
	('P0000012', 'M0000034', 'S0000011', 'Jsl car door handle', 'Door Handle', 420000, 350000, 197),
	('P0000013', 'M0000035', 'S0000012', 'ARB Modular Bumper', 'Bumper', 30423000, 25353000, 160),
	('P0000014', 'M0000036', 'S0000010', 'Isoka Front Bumper', 'Bumper', 29716000, 24764000, 246),
	('P0000015', 'M0000037', 'S0000011', 'Jsl Front Bumper', 'Bumper', 33184000, 27654000, 238),
	('P0000016', 'M0000038', 'S0000013', 'Enkei Blackhawk Wheels', 'Velg', 9633000, 8028000, 199),
	('P0000017', 'M0000039', 'S0000013', 'Enkei Draco Wheels', 'Velg', 3548000, 2957000, 174),
	('P0000018', 'M0000040', 'S0000013', 'Enkei EV5 Wheels', 'Velg', 5408000, 4507000, 233),
	('P0000019', 'M0000041', 'S0000014', 'Dunlop Grandtrek AT20', 'Tires', 3042000, 2535000, 138),
	('P0000020', 'M0000042', 'S0000014', 'Dunlop Direzza DZ102', 'Tires', 3786000, 3155000, 234),
	('P0000021', 'M0000043', 'S0000015', 'Yokohama ADVAN Sport', 'Tires', 5715000, 4763000, 242),
	('P0000022', 'M0000044', 'S0000015', 'Yokohama AVID Envigor', 'Tires', 3480000, 2900000, 236),
	('P0000023', 'M0000045', 'S0000015', 'Yokohama S Drive', 'Tires', 3025000, 2521000, 136),
	('P0000024', 'M0000046', 'S0000016', 'Solar Gard', 'Automotive window Film', 1800000, 1500000, 226),
	('P0000025', 'M0000047', 'S0000017', '3M', 'Automotive window Film', 2040000, 2521000, 17);
/*!40000 ALTER TABLE `productlist` ENABLE KEYS */;

-- Dumping data for table bengkel.productorder: ~150 rows (approximately)
/*!40000 ALTER TABLE `productorder` DISABLE KEYS */;
REPLACE INTO `productorder` (`productOrderID`, `transactionID`, `productID`, `quantity`, `totalPrice`) VALUES
	('PO000001', 'T0000004', 'P0000018', 8, 24336000),
	('PO000002', 'T0000005', 'P0000011', 5, 2100000),
	('PO000003', 'T0000007', 'P0000016', 9, 31932000),
	('PO000004', 'T0000010', 'P0000024', 5, 10200000),
	('PO000005', 'T0000011', 'P0000019', 4, 15144000),
	('PO000006', 'T0000015', 'P0000019', 4, 15144000),
	('PO000007', 'T0000016', 'P0000012', 2, 60846000),
	('PO000008', 'T0000017', 'P0000007', 3, 3294000),
	('PO000009', 'T0000020', 'P0000015', 2, 3928000),
	('PO000010', 'T0000021', 'P0000008', 9, 1830000),
	('PO000011', 'T0000025', 'P0000001', 8, 13680000),
	('PO000012', 'T0000026', 'P0000008', 5, 12100000),
	('PO000013', 'T0000032', 'P0000003', 6, 3240000),
	('PO000014', 'T0000038', 'P0000022', 4, 732000),
	('PO000015', 'T0000043', 'P0000009', 9, 27040000),
	('PO000016', 'T0000052', 'P0000008', 2, 10800000),
	('PO000017', 'T0000055', 'P0000017', 5, 15960000),
	('PO000018', 'T0000057', 'P0000004', 5, 67431000),
	('PO000019', 'T0000060', 'P0000003', 7, 3798000),
	('PO000020', 'T0000064', 'P0000015', 7, 24836000),
	('PO000021', 'T0000073', 'P0000007', 9, 3798000),
	('PO000022', 'T0000074', 'P0000016', 7, 24836000),
	('PO000023', 'T0000077', 'P0000008', 10, 3660000),
	('PO000024', 'T0000078', 'P0000017', 3, 16224000),
	('PO000025', 'T0000079', 'P0000008', 9, 3294000),
	('PO000026', 'T0000082', 'P0000017', 8, 43264000),
	('PO000027', 'T0000083', 'P0000021', 6, 20880000),
	('PO000028', 'T0000084', 'P0000024', 5, 10200000),
	('PO000029', 'T0000090', 'P0000021', 10, 34800000),
	('PO000030', 'T0000094', 'P0000016', 3, 10644000),
	('PO000031', 'T0000098', 'P0000010', 5, 1300000),
	('PO000032', 'T0000100', 'P0000022', 6, 18150000),
	('PO000033', 'T0000102', 'P0000009', 7, 2520000),
	('PO000034', 'T0000114', 'P0000021', 7, 24360000),
	('PO000035', 'T0000117', 'P0000013', 4, 118864000),
	('PO000036', 'T0000121', 'P0000013', 6, 178296000),
	('PO000037', 'T0000123', 'P0000018', 3, 9126000),
	('PO000038', 'T0000132', 'P0000021', 10, 34800000),
	('PO000039', 'T0000136', 'P0000013', 1, 29716000),
	('PO000040', 'T0000138', 'P0000023', 8, 14400000),
	('PO000041', 'T0000139', 'P0000010', 7, 1820000),
	('PO000042', 'T0000142', 'P0000003', 2, 4560000),
	('PO000043', 'T0000144', 'P0000010', 3, 780000),
	('PO000044', 'T0000150', 'P0000020', 5, 28575000),
	('PO000045', 'T0000151', 'P0000019', 7, 26502000),
	('PO000046', 'T0000152', 'P0000023', 7, 12600000),
	('PO000047', 'T0000160', 'P0000010', 4, 1040000),
	('PO000048', 'T0000172', 'P0000013', 5, 148580000),
	('PO000049', 'T0000177', 'P0000023', 3, 5400000),
	('PO000050', 'T0000182', 'P0000018', 5, 15210000),
	('PO000051', 'T0000188', 'P0000005', 1, 2028000),
	('PO000052', 'T0000194', 'P0000021', 9, 31320000),
	('PO000053', 'T0000196', 'P0000013', 7, 208012000),
	('PO000054', 'T0000197', 'P0000008', 1, 366000),
	('PO000055', 'T0000200', 'P0000010', 10, 2600000),
	('PO000056', 'T0000201', 'P0000013', 4, 118864000),
	('PO000057', 'T0000203', 'P0000006', 2, 2364000),
	('PO000058', 'T0000212', 'P0000018', 7, 21294000),
	('PO000059', 'T0000213', 'P0000019', 1, 3786000),
	('PO000060', 'T0000216', 'P0000018', 5, 15210000),
	('PO000061', 'T0000222', 'P0000011', 9, 3780000),
	('PO000062', 'T0000235', 'P0000015', 4, 38532000),
	('PO000063', 'T0000238', 'P0000021', 2, 6960000),
	('PO000064', 'T0000242', 'P0000007', 9, 3798000),
	('PO000065', 'T0000244', 'P0000005', 4, 8112000),
	('PO000066', 'T0000251', 'P0000021', 5, 17400000),
	('PO000067', 'T0000253', 'P0000008', 9, 3294000),
	('PO000068', 'T0000255', 'P0000010', 8, 3240000),
	('PO000069', 'T0000256', 'P0000009', 1, 360000),
	('PO000070', 'T0000260', 'P0000007', 8, 3376000),
	('PO000071', 'T0000264', 'P0000010', 5, 2025000),
	('PO000072', 'T0000266', 'P0000004', 3, 6480000),
	('PO000073', 'T0000276', 'P0000010', 5, 1300000),
	('PO000074', 'T0000283', 'P0000003', 3, 6840000),
	('PO000075', 'T0000309', 'P0000013', 1, 29716000),
	('PO000076', 'T0000321', 'P0000015', 3, 28899000),
	('PO000077', 'T0000324', 'P0000023', 6, 10800000),
	('PO000078', 'T0000326', 'P0000020', 10, 57150000),
	('PO000079', 'T0000328', 'P0000010', 5, 1300000),
	('PO000080', 'T0000329', 'P0000005', 6, 12168000),
	('PO000081', 'T0000332', 'P0000023', 7, 12600000),
	('PO000082', 'T0000338', 'P0000002', 9, 3996000),
	('PO000083', 'T0000339', 'P0000015', 6, 57798000),
	('PO000084', 'T0000340', 'P0000019', 6, 22716000),
	('PO000085', 'T0000419', 'P0000024', 9, 18360000),
	('PO000086', 'T0000421', 'P0000007', 2, 844000),
	('PO000087', 'T0000435', 'P0000005', 3, 6084000),
	('PO000088', 'T0000436', 'P0000003', 9, 2052000),
	('PO000089', 'T0000439', 'P0000001', 8, 3928000),
	('PO000090', 'T0000440', 'P0000002', 10, 4440000),
	('PO000091', 'T0000441', 'P0000005', 5, 10140000),
	('PO000092', 'T0000442', 'P0000015', 2, 19266000),
	('PO000093', 'T0000443', 'P0000018', 9, 27378000),
	('PO000094', 'T0000444', 'P0000015', 7, 67431000),
	('PO000095', 'T0000445', 'P0000002', 7, 3108000),
	('PO000096', 'T0000446', 'P0000013', 6, 178296000),
	('PO000097', 'T0000447', 'P0000017', 3, 16224000),
	('PO000098', 'T0000448', 'P0000018', 3, 9126000),
	('PO000099', 'T0000449', 'P0000015', 8, 77064000),
	('PO000100', 'T0000450', 'P0000020', 5, 28575000),
	('PO000101', 'T0000451', 'P0000023', 4, 7200000),
	('PO000102', 'T0000452', 'P0000014', 10, 331840000),
	('PO000103', 'T0000453', 'P0000018', 1, 3042000),
	('PO000104', 'T0000454', 'P0000011', 5, 2100000),
	('PO000105', 'T0000455', 'P0000008', 1, 366000),
	('PO000106', 'T0000456', 'P0000018', 3, 9126000),
	('PO000107', 'T0000457', 'P0000015', 4, 38532000),
	('PO000108', 'T0000458', 'P0000015', 8, 77064000),
	('PO000109', 'T0000459', 'P0000018', 4, 12168000),
	('PO000110', 'T0000460', 'P0000010', 7, 2835000),
	('PO000111', 'T0000461', 'P0000017', 8, 43264000),
	('PO000112', 'T0000462', 'P0000023', 2, 3600000),
	('PO000113', 'T0000463', 'P0000018', 9, 27378000),
	('PO000114', 'T0000464', 'P0000014', 10, 331840000),
	('PO000115', 'T0000465', 'P0000008', 6, 2196000),
	('PO000116', 'T0000466', 'P0000018', 8, 24336000),
	('PO000117', 'T0000467', 'P0000004', 9, 19440000),
	('PO000118', 'T0000468', 'P0000019', 8, 30288000),
	('PO000119', 'T0000469', 'P0000007', 10, 4220000),
	('PO000120', 'T0000470', 'P0000011', 6, 2520000),
	('PO000121', 'T0000471', 'P0000021', 7, 24360000),
	('PO000122', 'T0000472', 'P0000002', 2, 888000),
	('PO000123', 'T0000473', 'P0000016', 5, 17740000),
	('PO000124', 'T0000474', 'P0000006', 1, 1182000),
	('PO000125', 'T0000475', 'P0000018', 10, 30420000),
	('PO000126', 'T0000476', 'P0000007', 1, 422000),
	('PO000127', 'T0000477', 'P0000006', 1, 1182000),
	('PO000128', 'T0000478', 'P0000020', 5, 28575000),
	('PO000129', 'T0000479', 'P0000012', 8, 243384000),
	('PO000130', 'T0000480', 'P0000012', 4, 121692000),
	('PO000131', 'T0000481', 'P0000018', 4, 12168000),
	('PO000132', 'T0000482', 'P0000018', 6, 18252000),
	('PO000133', 'T0000483', 'P0000014', 10, 331840000),
	('PO000134', 'T0000484', 'P0000004', 7, 15120000),
	('PO000135', 'T0000485', 'P0000019', 7, 26502000),
	('PO000136', 'T0000486', 'P0000011', 10, 4200000),
	('PO000137', 'T0000487', 'P0000010', 3, 1215000),
	('PO000138', 'T0000488', 'P0000010', 8, 2080000),
	('PO000139', 'T0000489', 'P0000002', 9, 3996000),
	('PO000140', 'T0000490', 'P0000008', 9, 3294000),
	('PO000141', 'T0000491', 'P0000021', 2, 6960000),
	('PO000142', 'T0000492', 'P0000014', 5, 165920000),
	('PO000143', 'T0000493', 'P0000019', 5, 18930000),
	('PO000144', 'T0000494', 'P0000019', 5, 18930000),
	('PO000145', 'T0000495', 'P0000004', 10, 21600000),
	('PO000146', 'T0000496', 'P0000019', 1, 3786000),
	('PO000147', 'T0000497', 'P0000023', 1, 1800000),
	('PO000148', 'T0000498', 'P0000012', 4, 121692000),
	('PO000149', 'T0000499', 'P0000009', 1, 360000),
	('PO000150', 'T0000500', 'P0000017', 7, 37856000);
/*!40000 ALTER TABLE `productorder` ENABLE KEYS */;

-- Dumping data for table bengkel.promo: ~5 rows (approximately)
/*!40000 ALTER TABLE `promo` DISABLE KEYS */;
REPLACE INTO `promo` (`promoID`, `promoName`, `startDate`, `finishDate`) VALUES
	('PROMO001', 'buy 4 tires get 1 tire free', '2018-01-01', '2018-03-01'),
	('PROMO002', 'last order free carwash', '2018-04-01', '2018-06-30'),
	('PROMO003', 'buy selected product more than 2 items get 1 free', '2018-07-01', '2018-08-01'),
	('PROMO004', 'year end sale', '2018-10-01', '2018-12-31'),
	('PROMO005', 'clearance sale', '2018-08-01', '2018-09-30');
/*!40000 ALTER TABLE `promo` ENABLE KEYS */;

-- Dumping data for table bengkel.promodetail: ~145 rows (approximately)
/*!40000 ALTER TABLE `promodetail` DISABLE KEYS */;
REPLACE INTO `promodetail` (`promoID`, `masterID`, `quantity`, `discountPrice`) VALUES
	('PROMO001', 'M0000041', 4, 3042000),
	('PROMO001', 'M0000042', 4, 3786000),
	('PROMO001', 'M0000043', 4, 5715000),
	('PROMO001', 'M0000044', 4, 3480000),
	('PROMO001', 'M0000045', 4, 3025000),
	('PROMO002', 'M0000001', 1, 50000),
	('PROMO002', 'M0000002', 1, 50000),
	('PROMO002', 'M0000003', 1, 50000),
	('PROMO002', 'M0000004', 1, 50000),
	('PROMO002', 'M0000005', 1, 50000),
	('PROMO002', 'M0000006', 1, 50000),
	('PROMO002', 'M0000007', 1, 50000),
	('PROMO002', 'M0000008', 1, 50000),
	('PROMO002', 'M0000009', 1, 50000),
	('PROMO002', 'M0000010', 1, 50000),
	('PROMO002', 'M0000011', 1, 50000),
	('PROMO002', 'M0000012', 1, 50000),
	('PROMO002', 'M0000013', 1, 50000),
	('PROMO002', 'M0000014', 1, 50000),
	('PROMO002', 'M0000015', 1, 50000),
	('PROMO002', 'M0000016', 1, 50000),
	('PROMO002', 'M0000017', 1, 50000),
	('PROMO002', 'M0000018', 1, 50000),
	('PROMO002', 'M0000019', 1, 50000),
	('PROMO002', 'M0000021', 1, 50000),
	('PROMO002', 'M0000022', 1, 50000),
	('PROMO003', 'M0000023', 2, 260000),
	('PROMO003', 'M0000024', 2, 491000),
	('PROMO003', 'M0000025', 2, 444000),
	('PROMO003', 'M0000026', 2, 2280000),
	('PROMO003', 'M0000027', 2, 2160000),
	('PROMO003', 'M0000028', 2, 2028000),
	('PROMO003', 'M0000029', 2, 1182000),
	('PROMO003', 'M0000030', 2, 422000),
	('PROMO003', 'M0000031', 2, 366000),
	('PROMO003', 'M0000032', 2, 360000),
	('PROMO003', 'M0000033', 2, 405000),
	('PROMO003', 'M0000034', 2, 420000),
	('PROMO004', 'M0000001', 1, 35000),
	('PROMO004', 'M0000002', 1, 100000),
	('PROMO004', 'M0000003', 1, 40000),
	('PROMO004', 'M0000004', 1, 30000),
	('PROMO004', 'M0000005', 1, 65000),
	('PROMO004', 'M0000006', 1, 30000),
	('PROMO004', 'M0000007', 1, 45000),
	('PROMO004', 'M0000008', 1, 75000),
	('PROMO004', 'M0000009', 1, 220000),
	('PROMO004', 'M0000010', 1, 150000),
	('PROMO004', 'M0000011', 1, 18000),
	('PROMO004', 'M0000012', 1, 140000),
	('PROMO004', 'M0000013', 1, 120000),
	('PROMO004', 'M0000014', 1, 120000),
	('PROMO004', 'M0000015', 1, 30000),
	('PROMO004', 'M0000016', 1, 20000),
	('PROMO004', 'M0000017', 1, 50000),
	('PROMO004', 'M0000018', 1, 17500),
	('PROMO004', 'M0000019', 1, 6500),
	('PROMO004', 'M0000020', 1, 5000),
	('PROMO004', 'M0000021', 1, 10000),
	('PROMO004', 'M0000022', 1, 47500),
	('PROMO004', 'M0000023', 1, 26000),
	('PROMO004', 'M0000024', 1, 49100),
	('PROMO004', 'M0000025', 1, 44400),
	('PROMO004', 'M0000026', 1, 228000),
	('PROMO004', 'M0000027', 1, 216000),
	('PROMO004', 'M0000028', 1, 202800),
	('PROMO004', 'M0000029', 1, 118200),
	('PROMO004', 'M0000030', 1, 42200),
	('PROMO004', 'M0000031', 1, 36600),
	('PROMO004', 'M0000032', 1, 36000),
	('PROMO004', 'M0000033', 1, 40500),
	('PROMO004', 'M0000034', 1, 42000),
	('PROMO004', 'M0000035', 1, 3042300),
	('PROMO004', 'M0000036', 1, 2971600),
	('PROMO004', 'M0000037', 1, 3318400),
	('PROMO004', 'M0000038', 1, 963300),
	('PROMO004', 'M0000039', 1, 354800),
	('PROMO004', 'M0000040', 1, 540800),
	('PROMO004', 'M0000041', 1, 304200),
	('PROMO004', 'M0000042', 1, 378600),
	('PROMO004', 'M0000043', 1, 571500),
	('PROMO004', 'M0000044', 1, 348000),
	('PROMO004', 'M0000045', 1, 302500),
	('PROMO004', 'M0000046', 1, 180000),
	('PROMO004', 'M0000047', 1, 204000),
	('PROMO004', 'M0000048', 1, 31205000),
	('PROMO004', 'M0000049', 1, 19110000),
	('PROMO004', 'M0000050', 1, 47605000),
	('PROMO004', 'M0000051', 1, 24480000),
	('PROMO004', 'M0000052', 1, 14700000),
	('PROMO004', 'M0000053', 1, 20300000),
	('PROMO004', 'M0000054', 1, 21030000),
	('PROMO004', 'M0000055', 1, 48150000),
	('PROMO004', 'M0000056', 1, 33800000),
	('PROMO004', 'M0000057', 1, 9815000),
	('PROMO004', 'M0000058', 1, 20230000),
	('PROMO004', 'M0000059', 1, 11400000),
	('PROMO004', 'M0000060', 1, 20530000),
	('PROMO004', 'M0000061', 1, 18580000),
	('PROMO004', 'M0000062', 1, 54250000),
	('PROMO004', 'M0000063', 1, 15200000),
	('PROMO004', 'M0000064', 1, 38650000),
	('PROMO004', 'M0000065', 1, 26000000),
	('PROMO004', 'M0000066', 1, 16100000),
	('PROMO004', 'M0000067', 1, 21800000),
	('PROMO004', 'M0000068', 1, 20100000),
	('PROMO004', 'M0000069', 1, 15080000),
	('PROMO004', 'M0000070', 1, 20880000),
	('PROMO004', 'M0000071', 1, 33980000),
	('PROMO004', 'M0000072', 1, 57980000),
	('PROMO004', 'M0000073', 1, 29060000),
	('PROMO004', 'M0000074', 1, 38900000),
	('PROMO004', 'M0000075', 1, 20300000),
	('PROMO004', 'M0000076', 1, 17200000),
	('PROMO004', 'M0000077', 1, 56264000),
	('PROMO005', 'M0000048', 1, 62410000),
	('PROMO005', 'M0000049', 1, 38220000),
	('PROMO005', 'M0000050', 1, 95210000),
	('PROMO005', 'M0000051', 1, 48960000),
	('PROMO005', 'M0000052', 1, 29400000),
	('PROMO005', 'M0000053', 1, 40600000),
	('PROMO005', 'M0000054', 1, 42060000),
	('PROMO005', 'M0000055', 1, 96300000),
	('PROMO005', 'M0000056', 1, 67600000),
	('PROMO005', 'M0000057', 1, 19630000),
	('PROMO005', 'M0000058', 1, 40460000),
	('PROMO005', 'M0000059', 1, 22800000),
	('PROMO005', 'M0000060', 1, 41060000),
	('PROMO005', 'M0000061', 1, 37160000),
	('PROMO005', 'M0000062', 1, 108500000),
	('PROMO005', 'M0000063', 1, 30400000),
	('PROMO005', 'M0000064', 1, 77300000),
	('PROMO005', 'M0000065', 1, 52000000),
	('PROMO005', 'M0000066', 1, 32200000),
	('PROMO005', 'M0000067', 1, 43600000),
	('PROMO005', 'M0000068', 1, 40200000),
	('PROMO005', 'M0000069', 1, 30160000),
	('PROMO005', 'M0000070', 1, 41760000),
	('PROMO005', 'M0000071', 1, 67960000),
	('PROMO005', 'M0000072', 1, 115960000),
	('PROMO005', 'M0000073', 1, 58120000),
	('PROMO005', 'M0000074', 1, 77800000),
	('PROMO005', 'M0000075', 1, 40600000),
	('PROMO005', 'M0000076', 1, 34400000),
	('PROMO005', 'M0000077', 1, 112525000);
/*!40000 ALTER TABLE `promodetail` ENABLE KEYS */;

-- Dumping data for table bengkel.supplier: ~17 rows (approximately)
/*!40000 ALTER TABLE `supplier` DISABLE KEYS */;
REPLACE INTO `supplier` (`supplierID`, `supplierName`) VALUES
	('S0000001', 'Nilight'),
	('S0000002', 'Philips'),
	('S0000003', 'Winjet'),
	('S0000004', 'SiriusLED'),
	('S0000005', 'WeatherTech'),
	('S0000006', 'Auto Ventshade'),
	('S0000007', 'Bosch'),
	('S0000008', 'Kanebo'),
	('S0000009', 'Rain Tech'),
	('S0000010', 'Isoka'),
	('S0000011', 'JSL'),
	('S0000012', 'ARB'),
	('S0000013', 'Enkei'),
	('S0000014', 'Dunlop'),
	('S0000015', 'Yokohama'),
	('S0000016', 'Solar Gard'),
	('S0000017', '3M');
/*!40000 ALTER TABLE `supplier` ENABLE KEYS */;

-- Dumping data for table bengkel.transaction: ~500 rows (approximately)
/*!40000 ALTER TABLE `transaction` DISABLE KEYS */;
REPLACE INTO `transaction` (`transactionID`, `customerID`, `promoID`, `posID`, `date`, `time`) VALUES
	('T0000001', 'C0000070', '', 'POS00001', '2018-01-01', '08:32:48'),
	('T0000002', 'C0000077', '', 'POS00002', '2018-01-01', '09:04:14'),
	('T0000003', 'C0000044', '', 'POS00005', '2018-01-02', '10:00:51'),
	('T0000004', 'C0000075', '', 'POS00005', '2018-01-03', '15:25:51'),
	('T0000005', 'C0000030', '', 'POS00002', '2018-01-03', '15:41:17'),
	('T0000006', 'C0000092', '', 'POS00005', '2018-01-04', '10:25:43'),
	('T0000007', 'C0000070', '', 'POS00004', '2018-01-04', '16:01:36'),
	('T0000008', 'C0000001', '', 'POS00005', '2018-01-06', '09:22:17'),
	('T0000009', 'C0000011', '', 'POS00005', '2018-01-06', '19:39:26'),
	('T0000010', 'C0000092', '', 'POS00005', '2018-01-08', '12:33:45'),
	('T0000011', 'C0000091', '', 'POS00003', '2018-01-08', '12:40:09'),
	('T0000012', 'C0000053', '', 'POS00002', '2018-01-09', '12:35:52'),
	('T0000013', 'C0000031', '', 'POS00002', '2018-01-11', '18:14:26'),
	('T0000014', 'C0000049', '', 'POS00004', '2018-01-12', '19:51:45'),
	('T0000015', 'C0000017', '', 'POS00001', '2018-01-14', '08:05:09'),
	('T0000016', 'C0000059', '', 'POS00005', '2018-01-15', '10:44:53'),
	('T0000017', 'C0000100', '', 'POS00004', '2018-01-15', '11:40:52'),
	('T0000018', 'C0000087', '', 'POS00004', '2018-01-17', '17:31:20'),
	('T0000019', 'C0000056', '', 'POS00002', '2018-01-18', '18:20:30'),
	('T0000020', 'C0000036', '', 'POS00003', '2018-01-20', '18:13:34'),
	('T0000021', 'C0000008', '', 'POS00003', '2018-01-20', '19:03:48'),
	('T0000022', 'C0000066', '', 'POS00002', '2018-01-21', '10:30:59'),
	('T0000023', 'C0000066', '', 'POS00004', '2018-01-21', '11:48:19'),
	('T0000024', 'C0000098', '', 'POS00003', '2018-01-21', '19:14:01'),
	('T0000025', 'C0000021', '', 'POS00003', '2018-01-21', '19:24:01'),
	('T0000026', 'C0000037', '', 'POS00005', '2018-01-21', '19:31:51'),
	('T0000027', 'C0000034', '', 'POS00005', '2018-01-22', '10:58:14'),
	('T0000028', 'C0000005', '', 'POS00002', '2018-01-23', '11:55:37'),
	('T0000029', 'C0000007', '', 'POS00005', '2018-01-24', '14:00:58'),
	('T0000030', 'C0000001', '', 'POS00003', '2018-01-25', '16:03:49'),
	('T0000031', 'C0000067', '', 'POS00002', '2018-01-25', '17:01:32'),
	('T0000032', 'C0000079', '', 'POS00002', '2018-01-25', '19:43:59'),
	('T0000033', 'C0000083', '', 'POS00003', '2018-01-26', '16:01:46'),
	('T0000034', 'C0000071', '', 'POS00002', '2018-01-28', '11:02:49'),
	('T0000035', 'C0000017', '', 'POS00005', '2018-01-28', '17:43:08'),
	('T0000036', 'C0000081', '', 'POS00005', '2018-01-28', '19:28:45'),
	('T0000037', 'C0000023', '', 'POS00002', '2018-01-29', '08:11:37'),
	('T0000038', 'C0000065', '', 'POS00001', '2018-01-29', '08:31:28'),
	('T0000039', 'C0000020', '', 'POS00002', '2018-01-29', '11:22:22'),
	('T0000040', 'C0000044', '', 'POS00002', '2018-01-30', '12:37:42'),
	('T0000041', 'C0000099', '', 'POS00003', '2018-01-31', '14:04:16'),
	('T0000042', 'C0000045', '', 'POS00001', '2018-02-01', '11:04:14'),
	('T0000043', 'C0000088', '', 'POS00001', '2018-02-01', '11:44:12'),
	('T0000044', 'C0000039', '', 'POS00005', '2018-02-01', '13:19:51'),
	('T0000045', 'C0000090', '', 'POS00005', '2018-02-01', '15:16:36'),
	('T0000046', 'C0000066', '', 'POS00003', '2018-02-01', '16:36:13'),
	('T0000047', 'C0000033', '', 'POS00001', '2018-02-01', '19:14:50'),
	('T0000048', 'C0000077', '', 'POS00004', '2018-02-02', '19:28:16'),
	('T0000049', 'C0000094', '', 'POS00001', '2018-02-03', '08:19:48'),
	('T0000050', 'C0000095', '', 'POS00005', '2018-02-04', '09:51:37'),
	('T0000051', 'C0000008', '', 'POS00004', '2018-02-04', '14:10:07'),
	('T0000052', 'C0000045', '', 'POS00001', '2018-02-05', '09:03:11'),
	('T0000053', 'C0000080', '', 'POS00002', '2018-02-05', '14:41:54'),
	('T0000054', 'C0000049', '', 'POS00001', '2018-02-06', '09:58:04'),
	('T0000055', 'C0000070', '', 'POS00003', '2018-02-06', '11:01:59'),
	('T0000056', 'C0000020', '', 'POS00004', '2018-02-06', '16:45:08'),
	('T0000057', 'C0000047', '', 'POS00002', '2018-02-07', '10:02:36'),
	('T0000058', 'C0000068', '', 'POS00005', '2018-02-07', '11:04:04'),
	('T0000059', 'C0000003', '', 'POS00004', '2018-02-07', '11:38:15'),
	('T0000060', 'C0000043', '', 'POS00004', '2018-02-08', '15:25:39'),
	('T0000061', 'C0000078', '', 'POS00001', '2018-02-09', '08:43:44'),
	('T0000062', 'C0000021', '', 'POS00002', '2018-02-09', '18:38:33'),
	('T0000063', 'C0000069', '', 'POS00002', '2018-02-12', '09:33:17'),
	('T0000064', 'C0000086', '', 'POS00002', '2018-02-12', '09:50:35'),
	('T0000065', 'C0000088', '', 'POS00003', '2018-02-13', '10:20:10'),
	('T0000066', 'C0000079', '', 'POS00005', '2018-02-13', '14:28:31'),
	('T0000067', 'C0000039', '', 'POS00002', '2018-02-13', '15:13:32'),
	('T0000068', 'C0000012', '', 'POS00003', '2018-02-13', '15:43:57'),
	('T0000069', 'C0000080', '', 'POS00004', '2018-02-14', '10:41:51'),
	('T0000070', 'C0000048', '', 'POS00001', '2018-02-14', '17:01:02'),
	('T0000071', 'C0000056', '', 'POS00001', '2018-02-15', '18:00:57'),
	('T0000072', 'C0000031', '', 'POS00004', '2018-02-15', '18:35:49'),
	('T0000073', 'C0000001', '', 'POS00001', '2018-02-16', '09:45:18'),
	('T0000074', 'C0000017', '', 'POS00001', '2018-02-16', '09:48:30'),
	('T0000075', 'C0000032', '', 'POS00002', '2018-02-16', '13:27:21'),
	('T0000076', 'C0000043', '', 'POS00003', '2018-02-16', '19:02:21'),
	('T0000077', 'C0000024', '', 'POS00005', '2018-02-20', '10:03:32'),
	('T0000078', 'C0000076', '', 'POS00004', '2018-02-21', '14:56:00'),
	('T0000079', 'C0000076', '', 'POS00003', '2018-02-22', '15:18:24'),
	('T0000080', 'C0000038', '', 'POS00002', '2018-02-22', '16:07:10'),
	('T0000081', 'C0000048', '', 'POS00004', '2018-02-23', '13:13:18'),
	('T0000082', 'C0000100', '', 'POS00003', '2018-02-25', '16:02:13'),
	('T0000083', 'C0000021', '', 'POS00005', '2018-02-27', '16:43:52'),
	('T0000084', 'C0000023', '', 'POS00003', '2018-02-28', '08:27:36'),
	('T0000085', 'C0000040', '', 'POS00005', '2018-03-01', '10:02:25'),
	('T0000086', 'C0000082', '', 'POS00003', '2018-03-02', '10:51:08'),
	('T0000087', 'C0000071', '', 'POS00004', '2018-03-03', '11:18:28'),
	('T0000088', 'C0000067', '', 'POS00005', '2018-03-04', '14:24:36'),
	('T0000089', 'C0000051', '', 'POS00005', '2018-03-05', '10:10:30'),
	('T0000090', 'C0000047', '', 'POS00005', '2018-03-05', '14:44:19'),
	('T0000091', 'C0000067', '', 'POS00003', '2018-03-05', '17:48:06'),
	('T0000092', 'C0000099', '', 'POS00003', '2018-03-05', '19:30:33'),
	('T0000093', 'C0000016', '', 'POS00002', '2018-03-06', '18:12:38'),
	('T0000094', 'C0000030', '', 'POS00004', '2018-03-07', '18:37:03'),
	('T0000095', 'C0000039', '', 'POS00004', '2018-03-07', '18:49:02'),
	('T0000096', 'C0000099', '', 'POS00001', '2018-03-08', '08:30:23'),
	('T0000097', 'C0000057', '', 'POS00003', '2018-03-08', '10:00:56'),
	('T0000098', 'C0000084', '', 'POS00005', '2018-03-08', '10:27:23'),
	('T0000099', 'C0000052', '', 'POS00005', '2018-03-08', '16:29:20'),
	('T0000100', 'C0000062', '', 'POS00005', '2018-03-09', '18:03:26'),
	('T0000101', 'C0000034', '', 'POS00003', '2018-03-11', '08:59:00'),
	('T0000102', 'C0000033', '', 'POS00003', '2018-03-11', '09:35:13'),
	('T0000103', 'C0000001', '', 'POS00003', '2018-03-12', '12:29:30'),
	('T0000104', 'C0000024', '', 'POS00005', '2018-03-12', '18:42:17'),
	('T0000105', 'C0000009', '', 'POS00001', '2018-03-13', '13:05:04'),
	('T0000106', 'C0000069', '', 'POS00003', '2018-03-13', '16:32:28'),
	('T0000107', 'C0000098', '', 'POS00005', '2018-03-14', '16:47:17'),
	('T0000108', 'C0000064', '', 'POS00003', '2018-03-15', '09:04:33'),
	('T0000109', 'C0000028', '', 'POS00002', '2018-03-16', '11:53:12'),
	('T0000110', 'C0000074', '', 'POS00002', '2018-03-16', '19:38:31'),
	('T0000111', 'C0000083', '', 'POS00002', '2018-03-17', '08:20:49'),
	('T0000112', 'C0000062', '', 'POS00002', '2018-03-18', '10:14:43'),
	('T0000113', 'C0000057', '', 'POS00001', '2018-03-19', '10:45:52'),
	('T0000114', 'C0000067', '', 'POS00002', '2018-03-21', '11:04:14'),
	('T0000115', 'C0000093', '', 'POS00003', '2018-03-21', '11:46:43'),
	('T0000116', 'C0000092', '', 'POS00002', '2018-03-21', '12:25:12'),
	('T0000117', 'C0000009', '', 'POS00003', '2018-03-22', '13:35:59'),
	('T0000118', 'C0000029', '', 'POS00004', '2018-03-23', '08:08:51'),
	('T0000119', 'C0000041', '', 'POS00005', '2018-03-23', '17:48:03'),
	('T0000120', 'C0000079', '', 'POS00002', '2018-03-24', '08:47:15'),
	('T0000121', 'C0000033', '', 'POS00002', '2018-03-24', '16:29:53'),
	('T0000122', 'C0000098', '', 'POS00004', '2018-03-24', '18:29:08'),
	('T0000123', 'C0000077', '', 'POS00002', '2018-03-26', '09:23:09'),
	('T0000124', 'C0000016', '', 'POS00004', '2018-03-26', '11:50:45'),
	('T0000125', 'C0000057', '', 'POS00001', '2018-03-27', '13:40:31'),
	('T0000126', 'C0000080', '', 'POS00005', '2018-03-28', '17:43:53'),
	('T0000127', 'C0000044', '', 'POS00003', '2018-03-29', '15:54:42'),
	('T0000128', 'C0000007', '', 'POS00002', '2018-03-29', '16:01:01'),
	('T0000129', 'C0000049', '', 'POS00005', '2018-03-29', '19:08:19'),
	('T0000130', 'C0000062', '', 'POS00003', '2018-03-30', '17:13:08'),
	('T0000131', 'C0000014', '', 'POS00001', '2018-03-31', '12:30:41'),
	('T0000132', 'C0000048', '', 'POS00003', '2018-03-31', '17:24:21'),
	('T0000133', 'C0000028', '', 'POS00001', '2018-04-03', '14:25:56'),
	('T0000134', 'C0000021', '', 'POS00005', '2018-04-04', '13:18:50'),
	('T0000135', 'C0000042', '', 'POS00004', '2018-04-04', '19:23:14'),
	('T0000136', 'C0000013', '', 'POS00003', '2018-04-05', '16:05:05'),
	('T0000137', 'C0000098', '', 'POS00003', '2018-04-05', '18:08:43'),
	('T0000138', 'C0000024', '', 'POS00004', '2018-04-06', '16:54:40'),
	('T0000139', 'C0000009', '', 'POS00004', '2018-04-08', '09:52:44'),
	('T0000140', 'C0000019', '', 'POS00001', '2018-04-09', '15:31:31'),
	('T0000141', 'C0000043', '', 'POS00005', '2018-04-09', '17:01:31'),
	('T0000142', 'C0000100', '', 'POS00003', '2018-04-09', '18:36:31'),
	('T0000143', 'C0000020', '', 'POS00002', '2018-04-13', '09:26:13'),
	('T0000144', 'C0000072', '', 'POS00005', '2018-04-15', '09:57:41'),
	('T0000145', 'C0000078', '', 'POS00005', '2018-04-15', '10:56:22'),
	('T0000146', 'C0000087', '', 'POS00001', '2018-04-15', '14:49:02'),
	('T0000147', 'C0000074', '', 'POS00004', '2018-04-15', '15:54:36'),
	('T0000148', 'C0000065', '', 'POS00001', '2018-04-16', '14:11:39'),
	('T0000149', 'C0000051', '', 'POS00005', '2018-04-16', '14:59:08'),
	('T0000150', 'C0000063', '', 'POS00002', '2018-04-20', '11:09:38'),
	('T0000151', 'C0000053', '', 'POS00002', '2018-04-20', '16:09:12'),
	('T0000152', 'C0000003', '', 'POS00002', '2018-04-22', '19:56:13'),
	('T0000153', 'C0000015', '', 'POS00001', '2018-04-23', '08:05:22'),
	('T0000154', 'C0000071', '', 'POS00003', '2018-04-23', '12:10:48'),
	('T0000155', 'C0000029', '', 'POS00001', '2018-04-25', '10:51:25'),
	('T0000156', 'C0000087', '', 'POS00002', '2018-04-26', '08:29:44'),
	('T0000157', 'C0000076', '', 'POS00001', '2018-04-26', '12:54:58'),
	('T0000158', 'C0000033', '', 'POS00004', '2018-04-26', '19:13:59'),
	('T0000159', 'C0000048', '', 'POS00003', '2018-04-27', '10:00:46'),
	('T0000160', 'C0000002', '', 'POS00001', '2018-04-28', '12:47:59'),
	('T0000161', 'C0000080', '', 'POS00002', '2018-04-28', '18:24:14'),
	('T0000162', 'C0000022', '', 'POS00001', '2018-04-29', '17:28:48'),
	('T0000163', 'C0000099', '', 'POS00002', '2018-04-30', '10:24:15'),
	('T0000164', 'C0000074', '', 'POS00001', '2018-04-30', '14:10:48'),
	('T0000165', 'C0000011', '', 'POS00005', '2018-05-02', '18:06:20'),
	('T0000166', 'C0000022', '', 'POS00002', '2018-05-04', '11:13:02'),
	('T0000167', 'C0000001', '', 'POS00005', '2018-05-04', '13:20:08'),
	('T0000168', 'C0000095', '', 'POS00001', '2018-05-05', '13:27:59'),
	('T0000169', 'C0000005', '', 'POS00001', '2018-05-06', '17:25:51'),
	('T0000170', 'C0000098', '', 'POS00004', '2018-05-06', '18:51:08'),
	('T0000171', 'C0000007', '', 'POS00003', '2018-05-08', '08:56:31'),
	('T0000172', 'C0000012', '', 'POS00004', '2018-05-08', '08:58:53'),
	('T0000173', 'C0000080', '', 'POS00002', '2018-05-08', '15:47:17'),
	('T0000174', 'C0000011', '', 'POS00005', '2018-05-08', '18:22:16'),
	('T0000175', 'C0000052', '', 'POS00001', '2018-05-09', '10:27:24'),
	('T0000176', 'C0000094', '', 'POS00003', '2018-05-09', '13:30:02'),
	('T0000177', 'C0000090', '', 'POS00001', '2018-05-09', '18:21:30'),
	('T0000178', 'C0000012', '', 'POS00003', '2018-05-11', '08:48:25'),
	('T0000179', 'C0000062', '', 'POS00004', '2018-05-11', '12:02:11'),
	('T0000180', 'C0000001', '', 'POS00002', '2018-05-11', '16:27:47'),
	('T0000181', 'C0000065', '', 'POS00003', '2018-05-12', '15:45:25'),
	('T0000182', 'C0000067', '', 'POS00002', '2018-05-12', '18:27:20'),
	('T0000183', 'C0000041', '', 'POS00005', '2018-05-13', '09:29:30'),
	('T0000184', 'C0000020', '', 'POS00002', '2018-05-13', '18:38:00'),
	('T0000185', 'C0000080', '', 'POS00004', '2018-05-14', '13:20:50'),
	('T0000186', 'C0000084', '', 'POS00003', '2018-05-14', '16:00:20'),
	('T0000187', 'C0000038', '', 'POS00002', '2018-05-14', '16:28:53'),
	('T0000188', 'C0000028', '', 'POS00003', '2018-05-15', '19:08:45'),
	('T0000189', 'C0000089', '', 'POS00004', '2018-05-16', '13:02:06'),
	('T0000190', 'C0000067', '', 'POS00002', '2018-05-16', '13:38:34'),
	('T0000191', 'C0000019', '', 'POS00002', '2018-05-17', '14:29:25'),
	('T0000192', 'C0000012', '', 'POS00004', '2018-05-19', '17:13:30'),
	('T0000193', 'C0000060', '', 'POS00005', '2018-05-20', '12:51:31'),
	('T0000194', 'C0000095', '', 'POS00001', '2018-05-20', '17:14:37'),
	('T0000195', 'C0000097', '', 'POS00004', '2018-05-21', '09:52:00'),
	('T0000196', 'C0000096', '', 'POS00004', '2018-05-21', '13:24:43'),
	('T0000197', 'C0000071', '', 'POS00001', '2018-05-21', '14:49:17'),
	('T0000198', 'C0000099', '', 'POS00005', '2018-05-21', '16:51:35'),
	('T0000199', 'C0000097', '', 'POS00001', '2018-05-21', '18:16:01'),
	('T0000200', 'C0000069', '', 'POS00001', '2018-05-23', '10:46:55'),
	('T0000201', 'C0000089', '', 'POS00002', '2018-05-23', '12:05:14'),
	('T0000202', 'C0000003', '', 'POS00001', '2018-05-24', '08:58:04'),
	('T0000203', 'C0000015', '', 'POS00002', '2018-05-24', '13:55:24'),
	('T0000204', 'C0000035', '', 'POS00001', '2018-05-24', '15:09:46'),
	('T0000205', 'C0000028', '', 'POS00004', '2018-05-25', '09:03:30'),
	('T0000206', 'C0000034', '', 'POS00003', '2018-05-25', '09:10:09'),
	('T0000207', 'C0000080', '', 'POS00002', '2018-05-26', '10:18:30'),
	('T0000208', 'C0000026', '', 'POS00004', '2018-05-26', '10:44:41'),
	('T0000209', 'C0000098', '', 'POS00004', '2018-05-26', '11:45:27'),
	('T0000210', 'C0000059', '', 'POS00004', '2018-05-27', '11:49:36'),
	('T0000211', 'C0000039', '', 'POS00001', '2018-05-27', '17:05:36'),
	('T0000212', 'C0000054', '', 'POS00001', '2018-05-28', '14:35:23'),
	('T0000213', 'C0000096', '', 'POS00004', '2018-05-30', '09:58:26'),
	('T0000214', 'C0000074', '', 'POS00005', '2018-05-30', '17:25:24'),
	('T0000215', 'C0000042', '', 'POS00002', '2018-05-31', '08:48:36'),
	('T0000216', 'C0000046', '', 'POS00003', '2018-05-31', '08:57:38'),
	('T0000217', 'C0000066', '', 'POS00005', '2018-05-31', '17:41:46'),
	('T0000218', 'C0000044', '', 'POS00005', '2018-05-31', '19:27:54'),
	('T0000219', 'C0000038', '', 'POS00004', '2018-06-01', '10:03:52'),
	('T0000220', 'C0000071', '', 'POS00001', '2018-06-01', '11:42:37'),
	('T0000221', 'C0000021', '', 'POS00001', '2018-06-02', '13:37:35'),
	('T0000222', 'C0000001', '', 'POS00005', '2018-06-03', '18:35:13'),
	('T0000223', 'C0000089', '', 'POS00004', '2018-06-04', '10:13:24'),
	('T0000224', 'C0000100', '', 'POS00002', '2018-06-05', '08:32:19'),
	('T0000225', 'C0000086', '', 'POS00005', '2018-06-05', '09:59:33'),
	('T0000226', 'C0000045', '', 'POS00001', '2018-06-06', '18:05:44'),
	('T0000227', 'C0000078', '', 'POS00005', '2018-06-06', '18:39:16'),
	('T0000228', 'C0000057', '', 'POS00001', '2018-06-06', '19:35:38'),
	('T0000229', 'C0000071', '', 'POS00003', '2018-06-07', '11:07:23'),
	('T0000230', 'C0000081', '', 'POS00004', '2018-06-10', '11:20:15'),
	('T0000231', 'C0000014', '', 'POS00002', '2018-06-11', '16:56:02'),
	('T0000232', 'C0000005', '', 'POS00001', '2018-06-12', '10:03:10'),
	('T0000233', 'C0000003', '', 'POS00002', '2018-06-12', '18:22:29'),
	('T0000234', 'C0000080', '', 'POS00002', '2018-06-13', '14:53:43'),
	('T0000235', 'C0000037', '', 'POS00002', '2018-06-13', '14:55:57'),
	('T0000236', 'C0000064', '', 'POS00001', '2018-06-14', '15:49:45'),
	('T0000237', 'C0000046', '', 'POS00002', '2018-06-15', '17:19:48'),
	('T0000238', 'C0000013', '', 'POS00005', '2018-06-16', '11:12:25'),
	('T0000239', 'C0000066', '', 'POS00001', '2018-06-16', '17:41:46'),
	('T0000240', 'C0000065', '', 'POS00003', '2018-06-17', '08:37:01'),
	('T0000241', 'C0000094', '', 'POS00001', '2018-06-18', '09:19:32'),
	('T0000242', 'C0000003', '', 'POS00003', '2018-06-18', '13:21:21'),
	('T0000243', 'C0000100', '', 'POS00004', '2018-06-19', '13:11:08'),
	('T0000244', 'C0000058', '', 'POS00005', '2018-06-19', '13:43:00'),
	('T0000245', 'C0000059', '', 'POS00002', '2018-06-19', '17:47:11'),
	('T0000246', 'C0000022', '', 'POS00002', '2018-06-20', '19:46:31'),
	('T0000247', 'C0000025', '', 'POS00005', '2018-06-21', '12:22:55'),
	('T0000248', 'C0000037', '', 'POS00005', '2018-06-21', '14:14:45'),
	('T0000249', 'C0000070', '', 'POS00004', '2018-06-21', '15:13:29'),
	('T0000250', 'C0000024', '', 'POS00005', '2018-06-22', '08:41:06'),
	('T0000251', 'C0000040', '', 'POS00005', '2018-06-23', '15:11:17'),
	('T0000252', 'C0000036', '', 'POS00001', '2018-06-24', '16:08:58'),
	('T0000253', 'C0000004', '', 'POS00002', '2018-06-24', '17:58:49'),
	('T0000254', 'C0000100', '', 'POS00003', '2018-06-24', '19:30:09'),
	('T0000255', 'C0000086', '', 'POS00005', '2018-06-25', '18:30:10'),
	('T0000256', 'C0000068', '', 'POS00005', '2018-06-26', '19:38:59'),
	('T0000257', 'C0000017', '', 'POS00001', '2018-06-28', '09:36:55'),
	('T0000258', 'C0000061', '', 'POS00002', '2018-06-29', '10:35:15'),
	('T0000259', 'C0000032', '', 'POS00003', '2018-06-29', '15:12:20'),
	('T0000260', 'C0000019', '', 'POS00002', '2018-07-01', '18:15:35'),
	('T0000261', 'C0000047', '', 'POS00001', '2018-07-02', '08:10:22'),
	('T0000262', 'C0000086', '', 'POS00001', '2018-07-02', '10:22:07'),
	('T0000263', 'C0000072', '', 'POS00003', '2018-07-02', '11:16:22'),
	('T0000264', 'C0000009', '', 'POS00005', '2018-07-02', '16:45:30'),
	('T0000265', 'C0000087', '', 'POS00001', '2018-07-03', '13:22:35'),
	('T0000266', 'C0000096', '', 'POS00002', '2018-07-04', '16:03:18'),
	('T0000267', 'C0000093', '', 'POS00001', '2018-07-05', '11:16:16'),
	('T0000268', 'C0000095', '', 'POS00005', '2018-07-07', '14:20:35'),
	('T0000269', 'C0000071', '', 'POS00004', '2018-07-07', '16:35:38'),
	('T0000270', 'C0000069', '', 'POS00001', '2018-07-10', '12:25:32'),
	('T0000271', 'C0000076', '', 'POS00001', '2018-07-10', '18:52:14'),
	('T0000272', 'C0000047', '', 'POS00003', '2018-07-12', '16:45:11'),
	('T0000273', 'C0000097', '', 'POS00004', '2018-07-12', '17:34:47'),
	('T0000274', 'C0000016', '', 'POS00001', '2018-07-12', '18:43:25'),
	('T0000275', 'C0000024', '', 'POS00003', '2018-07-13', '14:28:30'),
	('T0000276', 'C0000035', '', 'POS00004', '2018-07-13', '16:03:19'),
	('T0000277', 'C0000047', '', 'POS00001', '2018-07-13', '16:12:31'),
	('T0000278', 'C0000033', '', 'POS00005', '2018-07-14', '11:53:46'),
	('T0000279', 'C0000089', '', 'POS00002', '2018-07-14', '17:27:48'),
	('T0000280', 'C0000017', '', 'POS00003', '2018-07-14', '18:15:02'),
	('T0000281', 'C0000043', '', 'POS00001', '2018-07-15', '08:57:25'),
	('T0000282', 'C0000087', '', 'POS00001', '2018-07-15', '09:50:07'),
	('T0000283', 'C0000004', '', 'POS00004', '2018-07-15', '12:19:18'),
	('T0000284', 'C0000030', '', 'POS00002', '2018-07-15', '18:31:40'),
	('T0000285', 'C0000041', '', 'POS00004', '2018-07-16', '14:54:52'),
	('T0000286', 'C0000006', '', 'POS00001', '2018-07-16', '19:49:28'),
	('T0000287', 'C0000074', '', 'POS00001', '2018-07-18', '10:39:40'),
	('T0000288', 'C0000018', '', 'POS00003', '2018-07-19', '08:05:44'),
	('T0000289', 'C0000031', '', 'POS00004', '2018-07-19', '10:57:33'),
	('T0000290', 'C0000030', '', 'POS00001', '2018-07-19', '11:59:27'),
	('T0000291', 'C0000094', '', 'POS00003', '2018-07-21', '14:29:08'),
	('T0000292', 'C0000032', '', 'POS00004', '2018-07-22', '09:21:08'),
	('T0000293', 'C0000080', '', 'POS00002', '2018-07-23', '11:29:16'),
	('T0000294', 'C0000037', '', 'POS00003', '2018-07-23', '14:59:06'),
	('T0000295', 'C0000019', '', 'POS00004', '2018-07-25', '15:44:09'),
	('T0000296', 'C0000022', '', 'POS00001', '2018-07-26', '10:52:54'),
	('T0000297', 'C0000040', '', 'POS00003', '2018-07-26', '15:57:08'),
	('T0000298', 'C0000048', '', 'POS00004', '2018-07-26', '17:38:20'),
	('T0000299', 'C0000087', '', 'POS00001', '2018-07-27', '12:54:18'),
	('T0000300', 'C0000011', '', 'POS00005', '2018-07-28', '13:53:56'),
	('T0000301', 'C0000043', '', 'POS00002', '2018-07-29', '08:07:32'),
	('T0000302', 'C0000001', '', 'POS00001', '2018-07-30', '12:50:21'),
	('T0000303', 'C0000069', '', 'POS00001', '2018-07-30', '17:46:54'),
	('T0000304', 'C0000011', '', 'POS00005', '2018-07-31', '18:00:05'),
	('T0000305', 'C0000015', '', 'POS00001', '2018-07-31', '18:06:11'),
	('T0000306', 'C0000095', '', 'POS00003', '2018-08-01', '18:11:34'),
	('T0000307', 'C0000005', '', 'POS00002', '2018-08-01', '18:52:09'),
	('T0000308', 'C0000095', '', 'POS00005', '2018-08-03', '08:22:21'),
	('T0000309', 'C0000023', '', 'POS00001', '2018-08-04', '16:41:28'),
	('T0000310', 'C0000002', '', 'POS00003', '2018-08-06', '08:52:03'),
	('T0000311', 'C0000033', '', 'POS00004', '2018-08-06', '10:35:49'),
	('T0000312', 'C0000046', '', 'POS00001', '2018-08-07', '13:39:30'),
	('T0000313', 'C0000098', '', 'POS00001', '2018-08-07', '19:41:56'),
	('T0000314', 'C0000061', '', 'POS00004', '2018-08-08', '12:07:54'),
	('T0000315', 'C0000010', '', 'POS00005', '2018-08-08', '15:04:22'),
	('T0000316', 'C0000046', '', 'POS00003', '2018-08-09', '10:29:47'),
	('T0000317', 'C0000013', '', 'POS00004', '2018-08-09', '14:26:20'),
	('T0000318', 'C0000010', '', 'POS00002', '2018-08-11', '17:05:32'),
	('T0000319', 'C0000081', '', 'POS00005', '2018-08-11', '18:52:38'),
	('T0000320', 'C0000059', '', 'POS00003', '2018-08-12', '12:30:44'),
	('T0000321', 'C0000096', '', 'POS00005', '2018-08-13', '19:03:24'),
	('T0000322', 'C0000096', '', 'POS00004', '2018-08-13', '19:44:30'),
	('T0000323', 'C0000016', '', 'POS00004', '2018-08-14', '19:56:25'),
	('T0000324', 'C0000065', '', 'POS00005', '2018-08-17', '11:16:48'),
	('T0000325', 'C0000086', '', 'POS00005', '2018-08-18', '11:25:21'),
	('T0000326', 'C0000070', '', 'POS00002', '2018-08-19', '12:53:27'),
	('T0000327', 'C0000071', '', 'POS00001', '2018-08-20', '09:35:26'),
	('T0000328', 'C0000092', '', 'POS00002', '2018-08-20', '15:23:53'),
	('T0000329', 'C0000014', '', 'POS00001', '2018-08-20', '15:27:37'),
	('T0000330', 'C0000027', '', 'POS00005', '2018-08-21', '12:57:23'),
	('T0000331', 'C0000071', '', 'POS00005', '2018-08-21', '15:05:49'),
	('T0000332', 'C0000049', '', 'POS00001', '2018-08-21', '17:45:54'),
	('T0000333', 'C0000045', '', 'POS00003', '2018-08-22', '10:48:06'),
	('T0000334', 'C0000085', '', 'POS00001', '2018-08-22', '13:17:07'),
	('T0000335', 'C0000040', '', 'POS00005', '2018-08-23', '09:48:23'),
	('T0000336', 'C0000067', '', 'POS00001', '2018-08-23', '19:58:29'),
	('T0000337', 'C0000013', '', 'POS00004', '2018-08-25', '08:48:55'),
	('T0000338', 'C0000003', '', 'POS00005', '2018-08-25', '10:53:09'),
	('T0000339', 'C0000054', '', 'POS00001', '2018-08-25', '13:07:10'),
	('T0000340', 'C0000099', '', 'POS00005', '2018-08-26', '13:21:49'),
	('T0000341', 'C0000092', '', 'POS00002', '2018-08-26', '14:47:09'),
	('T0000342', 'C0000074', '', 'POS00004', '2018-08-26', '16:45:52'),
	('T0000343', 'C0000091', '', 'POS00005', '2018-08-27', '19:09:56'),
	('T0000344', 'C0000019', '', 'POS00005', '2018-08-27', '19:58:20'),
	('T0000345', 'C0000034', '', 'POS00004', '2018-08-28', '13:35:33'),
	('T0000346', 'C0000034', '', 'POS00004', '2018-08-30', '15:16:34'),
	('T0000347', 'C0000082', '', 'POS00004', '2018-08-31', '10:11:52'),
	('T0000348', 'C0000064', '', 'POS00002', '2018-08-31', '12:46:49'),
	('T0000349', 'C0000071', '', 'POS00005', '2018-09-01', '14:02:16'),
	('T0000350', 'C0000041', '', 'POS00002', '2018-09-02', '18:35:01'),
	('T0000351', 'C0000067', '', 'POS00003', '2018-09-04', '19:01:04'),
	('T0000352', 'C0000035', '', 'POS00005', '2018-09-05', '13:36:42'),
	('T0000353', 'C0000045', '', 'POS00004', '2018-09-06', '14:34:11'),
	('T0000354', 'C0000036', '', 'POS00002', '2018-09-06', '17:58:24'),
	('T0000355', 'C0000034', '', 'POS00003', '2018-09-07', '08:17:48'),
	('T0000356', 'C0000037', '', 'POS00004', '2018-09-08', '08:23:34'),
	('T0000357', 'C0000092', '', 'POS00004', '2018-09-10', '09:50:15'),
	('T0000358', 'C0000070', '', 'POS00003', '2018-09-11', '10:01:28'),
	('T0000359', 'C0000077', '', 'POS00003', '2018-09-12', '11:29:54'),
	('T0000360', 'C0000031', '', 'POS00005', '2018-09-12', '15:30:29'),
	('T0000361', 'C0000094', '', 'POS00001', '2018-09-14', '09:29:42'),
	('T0000362', 'C0000085', '', 'POS00004', '2018-09-14', '16:47:34'),
	('T0000363', 'C0000077', '', 'POS00004', '2018-09-15', '08:12:09'),
	('T0000364', 'C0000033', '', 'POS00003', '2018-09-15', '19:57:57'),
	('T0000365', 'C0000001', '', 'POS00005', '2018-09-17', '12:38:34'),
	('T0000366', 'C0000010', '', 'POS00001', '2018-09-18', '10:07:06'),
	('T0000367', 'C0000083', '', 'POS00003', '2018-09-18', '11:16:52'),
	('T0000368', 'C0000025', '', 'POS00003', '2018-09-19', '13:43:09'),
	('T0000369', 'C0000051', '', 'POS00002', '2018-09-19', '16:58:39'),
	('T0000370', 'C0000028', '', 'POS00005', '2018-09-22', '10:03:35'),
	('T0000371', 'C0000063', '', 'POS00001', '2018-09-22', '13:00:04'),
	('T0000372', 'C0000062', '', 'POS00005', '2018-09-22', '14:27:07'),
	('T0000373', 'C0000070', '', 'POS00004', '2018-09-22', '17:12:46'),
	('T0000374', 'C0000100', '', 'POS00002', '2018-09-23', '14:15:32'),
	('T0000375', 'C0000058', '', 'POS00005', '2018-09-24', '11:49:47'),
	('T0000376', 'C0000005', '', 'POS00002', '2018-09-25', '16:17:28'),
	('T0000377', 'C0000076', '', 'POS00002', '2018-09-25', '17:20:34'),
	('T0000378', 'C0000091', '', 'POS00004', '2018-09-25', '18:00:04'),
	('T0000379', 'C0000097', '', 'POS00001', '2018-09-26', '10:54:20'),
	('T0000380', 'C0000084', '', 'POS00004', '2018-09-27', '09:14:59'),
	('T0000381', 'C0000076', '', 'POS00005', '2018-09-27', '11:21:51'),
	('T0000382', 'C0000045', '', 'POS00001', '2018-09-28', '09:39:21'),
	('T0000383', 'C0000092', '', 'POS00001', '2018-09-29', '08:21:43'),
	('T0000384', 'C0000090', '', 'POS00005', '2018-09-29', '09:36:36'),
	('T0000385', 'C0000093', '', 'POS00004', '2018-09-29', '19:49:49'),
	('T0000386', 'C0000084', '', 'POS00003', '2018-09-30', '08:27:54'),
	('T0000387', 'C0000096', '', 'POS00003', '2018-10-01', '08:10:08'),
	('T0000388', 'C0000094', '', 'POS00004', '2018-10-01', '17:55:38'),
	('T0000389', 'C0000063', '', 'POS00004', '2018-10-02', '11:26:55'),
	('T0000390', 'C0000092', '', 'POS00005', '2018-10-02', '19:47:59'),
	('T0000391', 'C0000015', '', 'POS00003', '2018-10-03', '14:33:24'),
	('T0000392', 'C0000059', '', 'POS00003', '2018-10-05', '15:30:27'),
	('T0000393', 'C0000048', '', 'POS00003', '2018-10-08', '08:48:26'),
	('T0000394', 'C0000070', '', 'POS00004', '2018-10-09', '10:40:21'),
	('T0000395', 'C0000058', '', 'POS00001', '2018-10-12', '11:40:37'),
	('T0000396', 'C0000071', '', 'POS00005', '2018-10-13', '12:33:03'),
	('T0000397', 'C0000009', '', 'POS00001', '2018-10-13', '16:48:55'),
	('T0000398', 'C0000075', '', 'POS00004', '2018-10-14', '10:36:56'),
	('T0000399', 'C0000025', '', 'POS00003', '2018-10-14', '10:48:42'),
	('T0000400', 'C0000034', '', 'POS00002', '2018-10-14', '17:11:43'),
	('T0000401', 'C0000041', '', 'POS00005', '2018-10-15', '11:30:27'),
	('T0000402', 'C0000018', '', 'POS00004', '2018-10-15', '12:49:15'),
	('T0000403', 'C0000004', '', 'POS00004', '2018-10-17', '14:07:17'),
	('T0000404', 'C0000022', '', 'POS00001', '2018-10-18', '15:05:44'),
	('T0000405', 'C0000072', '', 'POS00004', '2018-10-18', '18:57:48'),
	('T0000406', 'C0000080', '', 'POS00003', '2018-10-19', '12:50:29'),
	('T0000407', 'C0000030', '', 'POS00002', '2018-10-19', '19:18:07'),
	('T0000408', 'C0000040', '', 'POS00002', '2018-10-20', '17:32:41'),
	('T0000409', 'C0000076', '', 'POS00004', '2018-10-21', '08:15:42'),
	('T0000410', 'C0000075', '', 'POS00005', '2018-10-21', '11:18:14'),
	('T0000411', 'C0000077', '', 'POS00002', '2018-10-22', '16:20:42'),
	('T0000412', 'C0000058', '', 'POS00001', '2018-10-22', '18:53:23'),
	('T0000413', 'C0000064', '', 'POS00005', '2018-10-23', '15:21:09'),
	('T0000414', 'C0000009', '', 'POS00001', '2018-10-25', '10:25:38'),
	('T0000415', 'C0000049', '', 'POS00003', '2018-10-25', '11:35:35'),
	('T0000416', 'C0000075', '', 'POS00002', '2018-10-26', '12:58:23'),
	('T0000417', 'C0000018', '', 'POS00005', '2018-10-26', '14:30:14'),
	('T0000418', 'C0000007', '', 'POS00003', '2018-10-26', '18:30:19'),
	('T0000419', 'C0000034', '', 'POS00001', '2018-10-27', '09:05:09'),
	('T0000420', 'C0000062', '', 'POS00001', '2018-10-27', '13:12:55'),
	('T0000421', 'C0000006', '', 'POS00005', '2018-10-30', '14:57:13'),
	('T0000422', 'C0000077', '', 'POS00005', '2018-11-01', '08:45:54'),
	('T0000423', 'C0000098', '', 'POS00005', '2018-11-01', '18:27:39'),
	('T0000424', 'C0000095', '', 'POS00001', '2018-11-01', '19:46:34'),
	('T0000425', 'C0000003', '', 'POS00004', '2018-11-02', '10:28:08'),
	('T0000426', 'C0000091', '', 'POS00003', '2018-11-02', '13:17:22'),
	('T0000427', 'C0000076', '', 'POS00002', '2018-11-03', '13:29:51'),
	('T0000428', 'C0000090', '', 'POS00005', '2018-11-04', '16:53:53'),
	('T0000429', 'C0000038', '', 'POS00003', '2018-11-05', '11:25:17'),
	('T0000430', 'C0000092', '', 'POS00003', '2018-11-05', '16:38:20'),
	('T0000431', 'C0000054', '', 'POS00005', '2018-11-05', '19:49:20'),
	('T0000432', 'C0000078', '', 'POS00001', '2018-11-06', '16:43:10'),
	('T0000433', 'C0000085', '', 'POS00002', '2018-11-07', '19:30:44'),
	('T0000434', 'C0000022', '', 'POS00004', '2018-11-08', '09:36:33'),
	('T0000435', 'C0000037', '', 'POS00005', '2018-11-09', '13:34:45'),
	('T0000436', 'C0000097', '', 'POS00005', '2018-11-09', '14:34:31'),
	('T0000437', 'C0000063', '', 'POS00002', '2018-11-10', '14:57:46'),
	('T0000438', 'C0000091', '', 'POS00003', '2018-11-10', '15:28:49'),
	('T0000439', 'C0000070', '', 'POS00005', '2018-11-11', '09:53:34'),
	('T0000440', 'C0000096', '', 'POS00002', '2018-11-11', '10:55:32'),
	('T0000441', 'C0000069', '', 'POS00005', '2018-11-12', '13:49:20'),
	('T0000442', 'C0000026', '', 'POS00002', '2018-11-13', '15:03:04'),
	('T0000443', 'C0000063', '', 'POS00001', '2018-11-14', '16:17:33'),
	('T0000444', 'C0000089', '', 'POS00001', '2018-11-17', '13:50:34'),
	('T0000445', 'C0000074', '', 'POS00001', '2018-11-17', '14:44:59'),
	('T0000446', 'C0000069', '', 'POS00001', '2018-11-18', '16:26:56'),
	('T0000447', 'C0000060', '', 'POS00001', '2018-11-19', '11:18:46'),
	('T0000448', 'C0000043', '', 'POS00002', '2018-11-19', '16:35:10'),
	('T0000449', 'C0000017', '', 'POS00001', '2018-11-19', '17:25:03'),
	('T0000450', 'C0000094', '', 'POS00005', '2018-11-21', '17:51:18'),
	('T0000451', 'C0000064', '', 'POS00004', '2018-11-23', '10:18:49'),
	('T0000452', 'C0000090', '', 'POS00002', '2018-11-23', '19:25:28'),
	('T0000453', 'C0000070', '', 'POS00001', '2018-11-24', '13:32:40'),
	('T0000454', 'C0000003', '', 'POS00002', '2018-11-24', '13:44:01'),
	('T0000455', 'C0000071', '', 'POS00004', '2018-11-24', '14:07:45'),
	('T0000456', 'C0000100', '', 'POS00005', '2018-11-26', '09:07:51'),
	('T0000457', 'C0000012', '', 'POS00004', '2018-11-26', '19:35:37'),
	('T0000458', 'C0000051', '', 'POS00002', '2018-11-27', '14:54:06'),
	('T0000459', 'C0000080', '', 'POS00003', '2018-11-28', '17:34:08'),
	('T0000460', 'C0000044', '', 'POS00005', '2018-11-29', '19:04:52'),
	('T0000461', 'C0000035', '', 'POS00004', '2018-12-01', '10:19:48'),
	('T0000462', 'C0000017', '', 'POS00002', '2018-12-01', '10:27:20'),
	('T0000463', 'C0000030', '', 'POS00005', '2018-12-01', '19:21:38'),
	('T0000464', 'C0000012', '', 'POS00004', '2018-12-03', '08:47:37'),
	('T0000465', 'C0000014', '', 'POS00002', '2018-12-03', '11:32:43'),
	('T0000466', 'C0000043', '', 'POS00001', '2018-12-03', '13:19:01'),
	('T0000467', 'C0000066', '', 'POS00002', '2018-12-03', '15:48:01'),
	('T0000468', 'C0000096', '', 'POS00004', '2018-12-05', '14:16:36'),
	('T0000469', 'C0000074', '', 'POS00002', '2018-12-07', '09:01:57'),
	('T0000470', 'C0000020', '', 'POS00003', '2018-12-07', '09:11:47'),
	('T0000471', 'C0000072', '', 'POS00002', '2018-12-07', '15:48:40'),
	('T0000472', 'C0000017', '', 'POS00001', '2018-12-08', '11:18:47'),
	('T0000473', 'C0000055', '', 'POS00001', '2018-12-10', '14:26:17'),
	('T0000474', 'C0000013', '', 'POS00001', '2018-12-10', '19:18:13'),
	('T0000475', 'C0000012', '', 'POS00001', '2018-12-11', '19:21:40'),
	('T0000476', 'C0000007', '', 'POS00004', '2018-12-13', '08:10:51'),
	('T0000477', 'C0000022', '', 'POS00004', '2018-12-13', '08:49:54'),
	('T0000478', 'C0000070', '', 'POS00002', '2018-12-13', '13:20:41'),
	('T0000479', 'C0000015', '', 'POS00005', '2018-12-14', '10:51:22'),
	('T0000480', 'C0000018', '', 'POS00005', '2018-12-14', '16:28:18'),
	('T0000481', 'C0000017', '', 'POS00002', '2018-12-14', '16:28:23'),
	('T0000482', 'C0000035', '', 'POS00001', '2018-12-15', '15:28:16'),
	('T0000483', 'C0000082', '', 'POS00005', '2018-12-17', '18:42:13'),
	('T0000484', 'C0000046', '', 'POS00001', '2018-12-18', '19:11:19'),
	('T0000485', 'C0000043', '', 'POS00004', '2018-12-20', '11:41:33'),
	('T0000486', 'C0000068', '', 'POS00002', '2018-12-20', '17:13:26'),
	('T0000487', 'C0000044', '', 'POS00003', '2018-12-20', '18:02:20'),
	('T0000488', 'C0000066', '', 'POS00004', '2018-12-21', '15:09:24'),
	('T0000489', 'C0000083', '', 'POS00005', '2018-12-23', '14:20:30'),
	('T0000490', 'C0000014', '', 'POS00005', '2018-12-24', '14:37:49'),
	('T0000491', 'C0000035', '', 'POS00005', '2018-12-25', '16:52:25'),
	('T0000492', 'C0000063', '', 'POS00003', '2018-12-25', '19:14:52'),
	('T0000493', 'C0000086', '', 'POS00002', '2018-12-26', '09:40:21'),
	('T0000494', 'C0000083', '', 'POS00004', '2018-12-27', '11:08:14'),
	('T0000495', 'C0000073', '', 'POS00005', '2018-12-28', '13:23:52'),
	('T0000496', 'C0000026', '', 'POS00005', '2018-12-29', '13:36:00'),
	('T0000497', 'C0000014', '', 'POS00004', '2018-12-29', '14:41:52'),
	('T0000498', 'C0000018', '', 'POS00003', '2018-12-30', '08:28:00'),
	('T0000499', 'C0000080', '', 'POS00005', '2018-12-30', '14:02:58'),
	('T0000500', 'C0000015', '', 'POS00005', '2018-12-30', '17:28:02');
/*!40000 ALTER TABLE `transaction` ENABLE KEYS */;

/*!40101 SET SQL_MODE=IFNULL(@OLD_SQL_MODE, '') */;
/*!40014 SET FOREIGN_KEY_CHECKS=IF(@OLD_FOREIGN_KEY_CHECKS IS NULL, 1, @OLD_FOREIGN_KEY_CHECKS) */;
/*!40101 SET CHARACTER_SET_CLIENT=@OLD_CHARACTER_SET_CLIENT */;
